name,a,e,i
Halley,17.8341442925537,0.967142908462304,162.262690579161
Encke,2.215132359220456,.8483202380213735,11.78148670450943
Biela,3.53465808340135,0.751299,13.2164
Faye,3.83815915788662,.5696175496849397,9.070294510274881
Brorsen,3.10112826228681,0.809796,29.3821
d''Arrest,3.503683369339459,.6114219228700193,19.48168162749337
Pons-Winnecke,3.418928238115145,.6376170100495518,22.3350880629029
Tuttle,5.6998620708785754374048,0.8197997470243816309221,54.983184844602092766763
Tempel,3.145794166571019,.5096459803932888,10.4737498480644
Tempel,3.06705913518058,.536314468934178,12.02279038459647
Tempel-Swift-LINEAR,3.413801406877804,.54491240285974,13.55352223000043
Pons-Brooks,17.121223241407509618738,0.9548123941619716115170,74.176894232522556649200
Olbers,16.9067774347548,0.930297147462082,44.609885733805
Wolf,4.243956278511121,.3578201804200237,27.94258862198616
Finlay,3.486709717204069,.7204670323736734,6.803655945058429
Brooks,3.358221347550548,.5632234095202744,4.261187225367249
Holmes,3.620686838118346,.4328758383063912,19.11426464401879
Perrine-Mrkos,3.55954221481951,0.642580982439164,17.7589827722319
Borrelly,3.609665546424225,.6232892711821078,30.31307021679391
Westphal,15.6421524304176,0.919831188993609,40.8900610587027
Giacobini-Zinner,3.515549653876195,.7068178874382801,31.90810098618194
Kopff,3.459069124451216,.5442128948801156,4.723642250184644
Brorsen-Metcalf,17.069206834622299595594,0.9719522579248509597249,19.333940469818628571374
Schaumasse,4.087386324184539,.7048560442569244,11.73526908512343
Neujmin,3.08916688391109,0.566818596285863,10.6387130963875
Grigg-Skjellerup,3.04357142518842,.6330809626437546,22.35725108984419
Crommelin,9.235960944226864,.9189810923126022,28.96687278723059
Neujmin,6.912463565429146,.7759093253269371,14.19753347182582
Schwassmann-Wachmann,5.987986754134973,.04513579017702611,9.3942185209734
Reinmuth,3.774669127378041,.5013719709626223,8.124318040864555
Schwassmann-Wachmann,4.235551873356187,.1921113434917756,4.547429974619607
"Comas Sola",4.510068014450066,.5546485799036236,9.968516517217138
Daniel,4.030063617285276,.4623598055003007,22.3861446076708
Gale,4.9435893,0.760719,11.7281
Herschel-Rigollet,28.8435453,0.97405,64.207
Whipple,4.172033693626158,.2599027784892106,9.930210562653045
Forbes,3.429732882863664,.5406684743232386,8.955886495525586
Stephan-Oterma,11.30334151293269,.859356587237136,18.30133219874207
Oterma,7.25148931544269,0.245513956937926,1.94283105545965
Vaisala,4.939864962861835,.6316152020645802,11.49264281940788
Tuttle-Giacobini-Kresak,3.085003278874254,.6612506884287184,9.229131696230207
Neujmin,4.876460018192112,.5841747519155726,3.984591946246174
Wolf-Harrington,3.350102994696103,.5949096247356784,15.97248249331635
Reinmuth,3.6889069943262,.4283337284041179,5.900601267837073
Honda-Mrkos-Pajdusakova,3.025175757508482,.8239728768241841,4.248163257767544
Wirtanen,3.087646694227751,.659202561356482,11.75713931185802
Ashbrook-Jackson,4.127268301556216,.317164639822074,13.02987619844596
Johnson,3.646758010998423,.3665943503836605,13.65772985634476
Arend-Rigaux,3.55848594923676,.6008743221720044,19.07774972127546
Arend,4.088133046971167,.5298191651919552,19.16230981680282
Harrington,3.71446643000283,.542437041421476,5.424389279818731
Harrington,3.580672324457032,.5620663599153678,8.654956945930117
Harrington,3.71436788288775,.5424857920569471,5.424560663918967
Harrington-Abell,3.857849696139989,.5403891098664094,10.23159989032961
"Van Biesbroeck",5.40443958870054,.5510876641065872,6.611321492305181
"de Vico-Swift-NEAT",3.7904782930723568412645,0.4270474945217546114406,6.0671607093682196065742
Tempel-Tuttle,10.3383382297577,0.905552720972412,162.486575379434
Slaughter-Burnham,5.085994723884396,.5073072932202485,8.147233422215407
duToit-Neujmin-Delporte,3.452538989318305,.4992889286810742,2.848332280065132
duToit-Neujmin-Delporte,3.45215357827758,0.499040120360139,2.84481020036925
Jackson-Neujmin,4.08035723716121,0.661506727386572,13.4784074178521
Kearns-Kwee,4.4854153139264,.4748484223719422,9.341130573742531
Tsuchinshan,3.505780291945367,.5384297030693533,3.610696486634454
Shajn-Schaldach,3.681302036331112,.4266921436652285,6.007764953028679
Tsuchinshan,3.48822350233338,.5937353725606641,10.28764633535224
Wild,5.587749927389681,.6509190323024351,19.77997964011996
Swift-Gehrels,4.438474029980045,.6897325315715446,8.949907082161364
Gunn,3.585862444923333,.3194259017271064,10.38668330728524
"du Toit",6.002310457974542,.7877036766519541,18.70100625022897
Churyumov-Gerasimenko,3.464737502510219,.6405823233437267,7.043680712713979
Klemola,4.8955055208880651207437,0.6406870098523979040194,11.143745927377530335888
Taylor,3.881578098672018,.4144496714647936,22.04594102713173
Kojima,3.673496445990252,.4538077525760331,6.600100458032775
Clark,3.137153177883903,.4943779265287214,9.445340071997684
Denning-Fujikawa,4.336084232317145,.8191545266363583,9.169283869658974
Schwassmann-Wachmann,3.091964298794711,.6855746067288707,11.2369727281111
Schwassmann-Wachmann,3.0618412252795819128437,0.6932855208263886126474,11.396951947033860719216
Schwassmann-Wachmann,3.063468722115394,.6922258013072282,11.37915705677313
Schwassmann-Wachmann,3.06229329930756,0.6938774627627,11.4056211759106
Schwassmann-Wachmann,3.06335181161612,0.693412971192622,11.3895622899332
Schwassmann-Wachmann,3.06483261003617,0.693565806671118,11.3910638961291
Schwassmann-Wachmann,3.04420865724153,0.691538816676964,11.380265457103
Schwassmann-Wachmann,3.06430700077958,0.693543485158215,11.3910646244732
Schwassmann-Wachmann,3.07631556437795,0.694735674965028,11.3987127952321
Schwassmann-Wachmann,3.06835160960417,0.693940938277251,11.3943614399649
Schwassmann-Wachmann,3.05239117034204,0.692288993783599,11.3809412138733
Schwassmann-Wachmann,3.08503544059736,0.695575899386973,11.4054219318703
Schwassmann-Wachmann,3.11832472400051,0.698647244447971,11.4193580973025
Schwassmann-Wachmann,3.06994234287616,0.694088213263508,11.3947263030202
Schwassmann-Wachmann,3.3340747694428,0.69335823324,11.0481813428788
Schwassmann-Wachmann,3.26075831524011,0.711932414090286,11.5122995825914
Schwassmann-Wachmann,3.02441289019931,0.689397458779432,11.3598206486042
Schwassmann-Wachmann,2.97607817120721,0.69348697056495,11.651823761982
Schwassmann-Wachmann,3.10529750382754,0.697573249761406,11.4183179944517
Schwassmann-Wachmann,3.07645099021487,0.694751288807723,11.3993873710683
Schwassmann-Wachmann,3.34821195686902,0.719502303654523,11.5618412574595
Schwassmann-Wachmann,3.07211624836372,0.69335823324,11.349472014182
Schwassmann-Wachmann,2.94109009142002,0.680633878945504,11.2950649353802
Schwassmann-Wachmann,3.04180282124803,0.691246808725753,11.3731938601948
Schwassmann-Wachmann,3.08254721749018,0.695367114577502,11.4052801907194
Schwassmann-Wachmann,3.06777308736794,0.69335823324,11.3683658421522
Schwassmann-Wachmann,3.0963752841415,0.696725656659651,11.4146906889204
Schwassmann-Wachmann,2.90757509348788,0.676299018237858,11.2397327643991
Schwassmann-Wachmann,3.08672271282378,0.695781146462459,11.4075896405856
Schwassmann-Wachmann,3.07520604461415,0.69335823324,11.330632437678
Schwassmann-Wachmann,3.111488252589795,.698251127367121,11.43065377185697
Schwassmann-Wachmann,4.68497505729183,0.800195285662543,12.1493175429657
Schwassmann-Wachmann,3.05798267872401,0.69335823324,11.4294972671815
Schwassmann-Wachmann,3.12759000072912,0.699842823483816,11.4439332846419
Schwassmann-Wachmann,3.03591116618305,0.69335823324,11.5441980464116
Schwassmann-Wachmann,3.07622840208973,0.694756955270123,11.4051415712495
Schwassmann-Wachmann,3.0720255879213,0.69376877393668,11.325884937118
Schwassmann-Wachmann,3.14413946156757,0.701430092385429,11.4659092912232
Schwassmann-Wachmann,3.08794215725399,0.695911908759867,11.4136956180962
Schwassmann-Wachmann,3.08744810378797,0.695799013016798,11.406522554195
Schwassmann-Wachmann,3.139576900192716,.7009701052570073,11.4609671423153
Schwassmann-Wachmann,3.00135904388845,0.686932227480063,11.3346206138147
Schwassmann-Wachmann,3.05783304672693,0.692822353452358,11.3822058521825
Schwassmann-Wachmann,3.06228436373416,0.69335823324,11.3951152975271
Schwassmann-Wachmann,2.91373418607164,0.67730146390118,11.2395964153711
Schwassmann-Wachmann,3.05014120644439,0.692470126439069,11.4277852827943
Schwassmann-Wachmann,2.89370372170499,0.675089956009265,11.2258696408536
Schwassmann-Wachmann,2.89390864978339,0.675069986179574,11.2207094103756
Schwassmann-Wachmann,2.96078483411662,0.682432921372534,11.2707509575385
Schwassmann-Wachmann,2.96762679277048,0.682432921372534,11.1901846106183
Schwassmann-Wachmann,3.13424236839265,0.700467515087574,11.4587061463897
Schwassmann-Wachmann,2.97944716240244,0.682439213725336,10.9745482605982
Schwassmann-Wachmann,2.9582410093582,0.682439213725336,11.3165548004854
Schwassmann-Wachmann,2.98917045822215,0.685673899484921,11.3219762595877
Schwassmann-Wachmann,2.97971817146176,0.684754805524033,11.3245005390743
Schwassmann-Wachmann,2.95948456938239,0.682439213725336,11.2894062349653
Schwassmann-Wachmann,2.95954219133071,0.682462679481376,11.3004575322101
Schwassmann-Wachmann,3.04058323671172,0.691094488235562,11.370228917327
Schwassmann-Wachmann,3.04504693747306,0.691542805405763,11.3707772083427
Schwassmann-Wachmann,3.09141865178814,0.696223718867002,11.4093615023607
Schwassmann-Wachmann,2.95929756911756,0.682439213725336,11.2943325652082
Schwassmann-Wachmann,3.04704387959224,0.691771506515135,11.3774492573962
Schwassmann-Wachmann,3.047706272631,0.691827563127927,11.3761572743389
Schwassmann-Wachmann,2.95951342725043,0.682453453655532,11.2907748415971
Schwassmann-Wachmann,3.05370675559865,0.692453880247705,11.3882612457051
Schwassmann-Wachmann,2.98432308707744,0.685154134205868,11.3192478294503
Schwassmann-Wachmann,3.11501747725682,0.698573546172044,11.444464486684
Schwassmann-Wachmann,3.091686500366688,.6856166909787491,11.23831410228592
Smirnova-Chernykh,4.170575416512539,.1472206865812144,6.648840751555509
Kohoutek,3.54314699923032,0.496307395647225,5.90720925939778
West-Kohoutek-Ikemura,3.471228107965556,.5385141130913966,30.47861159452443
Longmore,3.599097219439847,.3579178574484511,24.39914388821077
Gehrels,3.73590971838216,.4619028596361237,6.253845264350978
"du Toit-Hartley",2.945858611714987,.6185134899509153,3.145618792107812
Peters-Hartley,4.021659589584823,.5989902415048468,29.92275599280534
Wild,3.451881099507704,.5370719890809134,3.237240662573862
Gehrels,4.142151524005956,.1228436023814659,1.125906251496336
Russell,3.33797581090783,0.517209914571475,22.659458665718
Giclas,3.646377628853794,.4927078894965374,7.281512688227041
Boethin,5.1848871265672986652361,0.7811606261503803994017,4.2952945910302675613934
Wild,3.604732210953487,.3720888070328248,15.47023509960821
Bus,3.488069716231032,.376065041529311,2.576606319170538
Howell,3.109929521600371,.5621087442148057,4.382649867199222
Russell,3.751002285783576,.4080083815513693,12.07653613877625
Gehrels,6.068645727075137,.5097922920272996,9.635390243142973
Russell,3.890766590896717,.3312653256538716,14.08752186058453
Sanguin,5.358356865937731,.6593254789566613,19.44460631112987
Lovas,4.389356699806456,.6126653281716671,12.20450133929031
Russell,3.517487724746886,.3631072710108491,6.182339012014733
Machholz,3.032767865535791,.9592074929540653,58.53858212347114
Metcalf-Brewington,4.79909570735725,.4573932742257172,17.86957001570563
Takamizawa,3.808319341400365,.5605977808221723,10.54421204182212
Kowal,6.150503689944444,.2287716907957943,4.332540940374086
Hartley,3.42757877039588,.4134100168407287,25.58952437887889
Chernykh,5.784994049761658,.5937482426748417,5.079655834231119
Chernykh,5.799765645183432,.5947203403123665,5.078327540984246
Shoemaker,3.735059835182303,.4729510635048332,26.24763360906397
Hartley,3.471453385670387,.6950346504992769,13.61945072655648
Kowal,3.263280361225389,.6386695859566606,10.25426992139334
"Singer Brewster",3.465257746358269,.4109214553409956,9.179360138104373
Schuster,3.758052564073794,.5886970626590886,20.14848227471757
Ciffreo,3.742538067328224,.5433862742962028,13.09615620875901
Swift-Tuttle,26.0920694978266,0.963225755046038,113.453816997171
Hartley,3.613868854747883,.3134805790357161,11.68733183674861
Helin-Roman-Crockett,4.160365902658368,.1096207704078609,4.228807042165645
Urata-Niijima,3.540649092570031,.5863691381055774,24.167890875729
Spitaler,3.681617220714808,.4244778524522092,5.776080511917678
Wiseman-Skiff,3.544395807195206,.5553089252018473,18.27141704753662
Maury,4.252796670494584,.5214608416963823,11.70564910830261
Wild,3.484793995312126,.3723877551310502,3.607909777887974
Helin-Roman-Alu,4.087132607625636,.2551400313228515,8.701634578401711
Shoemaker-Levy,3.465887004911417,.4276928306674881,8.508598912999116
Parker-Hartley,4.283706824725143,.2906392224482433,5.191033406129119
Mueller,4.137763681119297,.340813229617001,8.795942531284931
Shoemaker-Holt,4.5970477676472,.1837585083825333,20.15162957717192
"de Vico",17.680816651897078628508,0.9627088867609727707019,85.382753114444753350653
West-Hartley,3.857364553401168,.447361464281352,15.35018041765483
Mrkos,3.309345243917582,.5059755434327983,31.7241991803709
Spacewatch,3.126329950580264,.5125673202316884,9.98499797067007
IRAS,5.646476269897362,.6957724986244791,45.80272010221584
Holt-Olmstead,3.443437251363689,.3623455624836588,14.32165437252401
Shoemaker-Holt,4.505222694463282,.3220360658200355,4.363425212614639
Shoemaker-Holt,4.557339457149967,.3341244560473043,4.353888335077986
Shoemaker-Holt,4.489242443395618,.3212585112842391,4.361724121462829
Shoemaker-Levy,3.765556819802343,.2678955920318905,5.427628619486002
McNaught-Hughes,3.538805578711918,.4068903863804257,7.306037861379428
Mueller,3.679142246300213,.3432245787360794,7.355097794656032
Helin-Roman-Alu,4.079419111816716,.5323089959541165,5.777401161349164
Kowal-Vavrova,6.239163761283836,.5878685932612639,4.348831550383866
Shoemaker-Levy,3.83020881258833,0.289567735861711,6.05010571542718
Mueller,4.194547458302671,.2934294505218962,9.425423853084402
Shoemaker-Levy,4.506654301905993,.5750251416330425,4.853854196966967
Shoemaker-Levy,3.621812002614595,.5305272289353777,10.0855870317302
Vaisala-Oterma,4.529998454516217,.2463323359957322,2.332467362908973
Bowell-Skiff,6.39724825593164,0.691761661370916,3.83582756854885
Machholz,3.019474631145155,.7489797945046486,12.80472093533867
Machholz,3.01289341549972,0.750123959058633,12.7950633405702
Machholz,3.00880914460354,0.751062411225747,12.8118412445562
Ge-Wang,4.959563010870304,.4982387835727335,12.3068430478631
Kowal-Mrkos,4.299524805937988,.4094652362125644,4.689804625499542
Kushida,3.866357336726691,.6278179294213708,4.10912230609167
Shoemaker-Levy,4.142331747629842,.5411650233995683,11.26803734664603
Shoemaker-LINEAR,4.035881102540044,.646726656289458,23.09409337090814
Kushida-Muramatsu,3.8070857912160049885130,0.2760252083897379860033,2.3679635720599740977832
Anderson-LINEAR,3.673943594210344,.5394647052225616,3.682036792350926
Mueller,4.334089695239168,.3883606876177078,29.73448145382333
LONEOS,3.891999267626937,.5458142843839994,18.50016709972028
Helin,5.809605650687495,.5703733600209818,4.735505041376388
Helin-Lawrence,4.493696904571612,.3071587132794293,9.868045845529618
Ikeya-Zhang,51.213581137145759214490,0.9900975228715980236415,28.119879162537930739063
Brewington,4.883412066493323,.6707084350744681,17.82971603463223
Shoemaker,6.63432431213906,0.726672673927576,6.38589343013616
Russell-LINEAR,3.601684842538986,.5576816276697562,20.74728609960905
Tritton,3.411752218744261,.6012074064871192,7.278250043167591
Kowal-LINEAR,4.719555345709085,.02919685706930994,7.908408475941165
LONEOS,5.87734593948807,.3797055721321005,23.43125848810958
LINEAR,3.973597606755107,.4789346679581795,17.27846455737395
Hartley-IRAS,7.72123378622071,.8350738462769237,95.69806814972893
"Siding Spring",3.049789425533239,.5962771836045513,27.83320555511541
NEAT,3.762261685581952,.4532292334851692,12.71791581387078
Christensen,3.652693779036094,.5412862207725843,16.26104004211514
LINEAR,18.04988797793641,.6215837574912003,15.9052716892707
NEAT,13.88283939168301,.3831014579229702,15.36840608994296
CINEOS,16.1408551156671,.2699551843085261,19.12720756917645
Hergenrother,3.623703022347536,.609558895880292,21.927923150458
NEAT,2.604272597057719,.7669078915248092,11.30388988837069
Christensen,4.198170054508219,.3043031432899574,10.12778590439795
Spahr,3.552070610991009,.5031130574217229,21.94963377831148
Yeung,3.5106582387114,.3618103594014929,11.51795369133199
Mueller,5.706964720495605,.2616668314758032,16.49335224895017
Hergenrother,3.490260973533814,.421618543794811,6.096832826450021
Barnard,24.33728792070278,.9545011068589594,31.17928819507535
Hug-Bell,3.67631721028311,.4715381700511692,10.9635184316591
Jedicke,5.892900594038868,.3073410789337982,19.88555991544916
NEAT,3.858630619918548,.355109524747633,16.87811475287301
Shoemaker-Levy,3.839018373459053,.7073228278805144,16.98117916666919
LONEOS,2.931215275854553,.6663423299937125,16.90929664735519
Korlevic-Juric,4.504048880495223,.1354618803323754,18.73368886127624
Lovas,3.525555300846194,.6047574969528612,1.550151675482132
Petriew,3.100670446834519,.6994427102691994,14.0078145237768
Garradd,4.843777466128981,.1196865470754932,28.85373101553976
LINEAR,4.451411788196976,.1701787107529201,13.73243402020086
LINEAR-Mueller,4.383589811240054,.4148318472574462,10.51134275231719
NEAT,2.917422445623617,.5976669763900531,20.40139174336421
Mueller,4.240024138939638,.5207757865072015,2.189858910019407
McNaught,3.532411562896625,.4203156371110926,8.761226202825414
Shoemaker-Levy,6.698604558889319,.772126286309046,24.38729278371501
LINEAR-NEAT,3.576600727795079,.3943325814040706,10.68702635874803
LINEAR,4.00008697530093,.5755808395443396,11.13800510665402
Hill,6.47960643491348,.315047798798942,36.36748420072287
Tichy,3.781497663461639,.4313134844133996,19.37778697740428
LINEAR,2.865999002612692,.6296602371558928,25.5427252545893
ODAS,3.58306422508561,.4479159374598513,1.349404352612176
Shoemaker,5.954800268410104,.5069284376022202,24.76767471270187
Larsen,4.920224292987082,.3333926492953443,12.12229231779412
LONEOS,3.459267702959195,.6128695185722387,7.033343643613875
Scotti,3.772643653717034,.3303012468486478,2.185415874415965
Korlevic,4.643485238138329,.314653512873307,2.976027527201579
LINEAR-NEAT,3.655519435714783,.4721408809812201,6.588675560904631
Giacobini,3.548459099134047,.5669612177509425,15.28590526617066
Giacobini,3.539301441690985,.568714327637854,15.30462698794076
Giacobini,3.60328142190863,.5753279137768729,15.40528193605396
Giacobini,3.5399689569418089085672,0.5687302569766289339625,15.308543661944190361623
Barnard-Boattini,3.143688003695274,.6886420878908622,31.97414822324667
NEAT,3.884219740982902,.757031518894085,10.1500529330324
McMillan,4.040227652555705,.3744035243700644,4.414026029013392
LINEAR,2.93064592117388,.6925636894297299,19.48032029747368
Christensen,3.193388573021384,.8294878320206486,10.17716268147805
Hill,3.562335814948082,.3383819983698705,18.8790788406648
NEAT,3.928375978187702,.5788465760830377,22.39795934058236
"Van Ness",3.426483839778938,.3820861153163838,10.26618099006629
"Van Ness",3.422250471846395,.3797273022751771,10.24005100770656
LINEAR,3.60435568477783,.4895520712375712,15.22601869028518
NEAT,4.023138681375808,.2006421522188538,12.78921743525425
LINEAR,3.883402701075351,.4453523429269599,9.04322917982628
LINEAR,3.943877285531337,.6895994951031321,12.88077094727922
LINEAR,3.341856686662046,.4909327949509942,18.16439385441112
LINEAR,3.653749726995313,.3529898780034186,11.52547234260606
McNaught,3.113512647509658,.5026245175761024,8.132654105216206
LINEAR,3.47456267632109,.4873988738431755,11.42811089699594
LINEAR,2.857518464514056,.7267693963810077,5.146143390421752
Skiff,4.138496310761236,.4175597146857165,27.04952720729196
LINEAR-NEAT,3.342305999439978,.4369516486843072,14.73038573928028
LINEAR,3.654113225602356,.6375279752197517,21.33499395312778
Pigott-LINEAR-Kowalski,3.770042047414623,.5288240922535099,44.00425137528314
Catalina-LINEAR,3.588233083923123,.4996127085491629,6.524142819106554
LINEAR,4.16217228713,.1762595943172939,7.917917083380464
Gibbs,3.929861678583546,.3772214511159923,26.08348754100619
LINEAR,3.400722201819597,.5634821908561177,14.65175693166819
LINEAR-NEAT,4.025472405010516,.2469915801096556,12.32785601829468
Hill,4.482771767537313,.3345199989231166,14.63497612534351
"La Sagra",3.037327334760674,.4090272614185136,11.27642868827392
LINEAR,3.819734619093801,.2512674207010553,11.51343260530081
LINEAR,4.001610553185246,.314398840803935,8.895511135908322
LINEAR,3.728014607889579,.5086694525516038,16.33415671430765
LINEAR,3.516305313943881,.4384156167955982,15.27693121742927
Read,3.161984976656008,.2531969535960581,1.266163692965964
LINEAR,4.464164365888056,.6316548361498424,11.31875143664899
NEAT,3.865427106554291,.4502032826453018,23.52309704530007
LINEAR,4.88441297988186,.6188715697106489,20.74244932053037
Spahr,5.643675589150758,.3141331711681838,32.12853959439605
NEAT,3.831376661280214,.3585716233288795,7.638078975101665
Scotti,4.947112710570793,.2042131382581726,2.267626444055058
WISE,4.011837030648198,.4662892068735632,21.08549942714007
NEAT,4.020741733347053,.2862836659739946,15.9848228167145
LINEAR,3.995189934096721,.6234222264034647,13.72815426052222
Gibbs,5.982464274635912,.6411612168497145,6.367796542417012
LINEAR,2.762901124050504,.8194628611875435,8.394918480966822
Larson,3.733236883970481,.4070483786429179,13.29484552287696
LINEAR,3.491387520746516,.5097838091900158,23.5097808150622
LINEAR,3.046948984776395,.6730967236122571,10.4223132074456
PANSTARRS,3.469309011750889,.4125583951342929,4.940348956269786
McNaught,4.670271970644078,.3119069854691572,32.5641515653615
Levy,3.038408435020066,.6681889016894792,18.26659348408196
LINEAR,4.621105579995913,.417937535578262,27.64178305459467
Catalina,3.755425051066341,.4336173942170644,20.24394193539759
PANSTARRS,4.397398984216789,.2088043835288372,6.74623638637479
Garradd,2.727440932037478,.3415297612571303,15.89853595203317
McNaught,3.685599054648147,.5935048395532496,15.73693835496121
Larson,3.58712027563139,.3895433798507963,6.322909897948778
McNaught-Russell,6.935517744284216,.8154028826429843,29.07941912183574
Gibbs,3.029643301537498,.5869803961071717,14.47117649895024
Larsen,3.892018761323937,.3737711207200287,25.14768852090738
LINEAR,4.252984092256914,.6460250873419684,14.69119860325759
Christensen,3.529533621620163,.3404246531820948,3.428807826227298
LONEOS,3.289612129307083,.593340592152269,5.368572547606922
Bernardi,4.522800413069187,.4802189069971182,15.67402117579324
Jedicke,7.211987881998437,.4346139293389742,6.611696125501304
Gehrels,6.752133832256525,.4676709227926323,2.859390575049124
"van Houten-Lemmon",6.969382141348709,.3899422919539769,6.856468948092699
NEAT,4.452472789080105,.4524759832592989,18.27698987243619
Pons-Gambart,32.54239111656612,.9750961432178844,136.3989718929838
Tombaugh-Tenagra,4.364004934248775,.4404609056444271,15.83786540766405
Hermann,5.764619090512867,.713938170242489,21.57064430021053
Vorobjov,5.365502135274508,.2689146425028647,14.49768128450595
LINEAR,3.865614977138462,.5035654907920333,16.72531429465702
McNaught,3.692177533782286,.434489728510642,6.687257607039748
"La Sagra",3.573065409689527,.3986119455662709,5.054754876954593
Larsen,4.511788051435455,.4180949726414225,11.77968038734452
MOSS,4.862122716926783,.1735992815756038,4.721092122703737
Spacewatch,4.135988441888949,.4856289687883189,14.46397486293796
McNaught,3.671507092224214,.3783144588985211,11.87431519594623
LINEAR,4.511663294761228,.6209279165176597,24.49718721600884
Christensen,4.117064372792283,.4251626016738834,17.04432164554172
Christensen,4.175589673964971,.2690855682830409,16.30241060819607
Blanpain,3.04610387349231,.6846297334784514,5.900276741485951
Jager,6.104209907021001,.6470409619270787,19.06799819263833
NEAT,4.559094493906344,.4286430750700019,5.947114846128064
Li,6.134847738125053,.5867715331947698,24.31601283870587
Spacewatch,3.633181123162572,.419342964183725,9.068342873963521
LINEAR,3.200457816378064,.5945159337133528,19.08579830143665
LINEAR,5.345132018421562,.6147890632322975,21.09729063721196
Garradd,3.501015346281297,.4766286291817307,25.20205490193744
Beshore,3.484047960476378,.308598394316476,10.2634881810502
Christensen,3.490149795441779,.4124291387296715,8.021703046418468
Catalina-PANSTARRS,4.372727352677713,.2819890068159288,10.47989125800893
Catalina,2.694544334263179,.6934621680484665,5.69147092141346
LINEAR-NEAT,5.686867070697107,.5874165458554789,10.61823651060052
Lemmon-PANSTARRS,4.278344085963893,.2282385269467358,6.031399861031152
NEAT,5.075130668072057,.5104416819863621,7.06762822446798
Ory,3.243127092631494,.5737843349679356,2.755131895892474
Skiff,4.620412093886077,.6961317748629123,11.5203604187501
LINEAR,3.103790893731194,.5982594906974988,8.364457776766727
LINEAR,5.80662535234928,.6747303138131737,4.424851250009062
Lagerkvist-Carsenty,6.673828665676208,.3623277453201932,4.840457517609724
LINEAR,4.451116169482742,.6066828196651917,17.66241293388101
Hill,4.16645635942,.424663107414368,13.17925448445525
PANSTARRS,2.188607261708545,.1152878433233422,4.968444825420946
NEAT,3.446455665896327,.4343846638546015,19.86282855491694
Gibbs,3.155646833891609,.2424141475288142,10.96537997834791
Montani,7.275342940137612,.4159501074107915,3.976590192452047
LONEOS,5.023315030070299,.5162361664982736,17.90656584508566
LONEOS-Christensen,4.327896869328113,.1664163274096624,9.882883517632209
WISE,2.929381281713063,.5924868573239543,10.82247080029417
McNaught-Hartley,7.534044801323027,.675312917422262,17.89304904631949
Catalina-McNaught,3.573013877278344,.6649928582060213,15.07420589928586
McNaught,3.102912310104745,.6824401124131176,4.893571727959618
SOHO,2.426630318554877,.9806622092195985,19.7363116677891
SOHO,2.51626146560583,.9786764762641811,12.58923564712983
SOHO,2.610536708377317,.9817284048892367,6.485264440642934
"La Sagra",3.095929042189836,.153784445570409,21.41695747394586
Yang-Gao,3.419580405672789,.6209692370658518,16.15827344552062
Hill,4.072726914735172,.3182112079161584,2.470573216101709
"Van Ness",3.557887976631412,.5640019161581543,36.28205441755987
LONEOS-Tucker,4.195553821185086,.5519312019340501,17.71129688846346
LINEAR-Catalina,5.189000773892341,.68010416471326,21.4669549683133
Catalina,6.589429855731228,.5490031457727758,15.54256450528221
Gibbs,3.003793367672493,.04208657647672002,9.739682411701132
Ikeya-Murakami,3.087241138977169,.4885908891896427,9.377956220678412
Ikeya-Murakami,3.086441893940437,.4903877233189863,9.386949993692131
Ikeya-Murakami,3.082846159684919,.4898247666883361,9.381500085906753
Ikeya-Murakami,3.08634494377948,.4903839630262681,9.385967703275581
Ikeya-Murakami,3.083427760609993,.4903802237529238,9.37916033093553
Ikeya-Murakami,3.087712526044806,.4905753916877986,9.388470986733921
Ikeya-Murakami,3.15765447539176,.498577971012386,9.518614760151237
Ikeya-Murakami,3.062933407713984,.4937203535609838,9.273303254597515
Ikeya-Murakami,3.086847298899201,.4904601013690927,9.386936096839271
Ikeya-Murakami,3.083138170759064,.4898209567026341,9.380239578171947
LINEAR,4.223621648846691,.7359086817108997,131.8794631824878
NEAT,6.48616576691443,.354336391381233,19.05669415588756
Gibbs,3.588566469490358,.5434881258870633,7.27540758303679
McNaught,4.812839839241668,.4528616044106186,18.56210616145526
WISE,3.291107969426382,.4977604322505292,15.39917573511143
McNaught,3.899936315743796,.4112863245760309,25.3748069092284
Gibbs,3.675907680955106,.6397913441480939,5.748211981731838
Boattini,4.251094622445314,.279501204981309,2.077422134958702
Gibbs,4.290066261370671,.4153690581283331,3.800120669220978
SOHO,3.043003759113562,.9826020621617956,13.2747864590719
NEAT-LONEOS,5.475044786854851,.584209132528378,5.583684321495118
Read,4.88756877132325,.4218673848021172,3.482720181286455
LINEAR,4.042001826102426,.2196141479861668,2.724659365020443
Catalina,4.482154074602702,.5038377865582282,22.16643327456638
PANSTARRS,3.611397411874267,.3842967195455711,11.74547641211636
PANSTARRS,3.165855487770212,.3012252052249531,17.58530590436938
Lemmon,3.567952430177748,.3005165274127552,5.498721071122621
McNaught,4.106662575830405,.08719413790622488,7.355933024726608
Wiegert-PANSTARRS,4.4284051777113,.295132764019968,12.78931546729443
Skiff,6.597201986678025,.6178910989028483,21.06797259889809
McNaught,4.163818214060553,.46949343560796,28.42486056944822
LINEAR,2.28970675895115,.1249710695668899,5.255932309081645
LINEAR-NEAT,3.47190069667096,.5081281547022157,11.04422554706643
WISE,4.163011945458178,.3539884676318826,9.630179375625245
Hill,4.446957287573084,.4351822289280037,6.326276922518872
PANSTARRS,3.15483495139843,.2358778864568997,11.05937483846577
LONEOS,4.631107909245586,.32249012981967,10.26283675090966
WISE,3.703323045116633,.4972521297759103,24.08124208163621
Spacewatch,4.943718749658814,.4378953339539972,13.88220471511106
Lemmon,3.404819144219864,.5576558357937037,3.973078614435625
,444.4285714,0.999986,60.6784
Helfenzrieder,2.6647634,0.84763,7.865
Messier,163.4553928,0.999249,40.7338
Lexell,3.1533844,0.786119,1.5517
Mechain,120.6892655,0.99646,92.639
"Great comet",143.2012411,0.995488,63.1762
"Great comet",212.3922051,0.995125,106.9342
Pons,82.8809998,0.980916,31.2554
Pons,310.8303474,0.996316,127.3429
Gambart,246.6049931,0.996395,123.3414
Pons,271.5793390,0.995431,146.4353
Pons,340.0629984,0.997492,25.9496
Galle,180.8075556,0.993250,120.7807
Bremiker,43.4525676,0.965941,57.9043
"Great March comet",64.2674419,0.999914,144.3548
"Great comet",358.9355301,0.999302,45.5651
"de Vico",194.9062788,0.992403,47.4257
Brorsen,66.1130816,0.990414,150.6809
Hind,473.2555556,0.999910,48.6636
Colla,-2926.3471646,1.000723,100.4185
Mitchell,-1912.9360465,1.000172,108.1326
Schweizer,568.5696122,0.998427,66.9587
Goujon,-1233.4106383,1.000940,67.1526
Petersen,771.8979300,0.998599,68.1848
Schweizer,84.8136084,0.989286,122.1955
Klinkerfues,-1227.3360000,1.000250,61.5008
Bruhns,-260.3358434,1.000664,118.9963
Klinkerfues,118.2650281,0.993246,40.9201
Winnecke-Dien,156.4219307,0.991309,14.1520
Schweizer,63.0051989,0.965185,128.5764
Donati,39.9130802,0.985780,156.8707
Peters,38.1314715,0.980414,32.7565
Klinkerfues,182.3446712,0.996913,123.9614
Donati,156.1319838,0.996295,116.9512
Thatcher,55.6818869,0.983465,79.7733
"Great comet",55.0826524,0.985070,85.4424
Bruhns,-16219.6734694,1.000049,85.3553
Respighi,682.7155266,0.999079,85.4961
Baeker,-1974.6075188,1.000665,83.3151
Tempel,630.1632471,0.998879,78.0817
Tempel,249.1888189,0.996351,178.1269
Winnecke,299.3138152,0.997814,87.6034
Tempel,161.2851143,0.995714,98.2992
Borrelly,225.7137578,0.996482,95.9662
Coggia,572.6966102,0.998820,66.3439
Borrelly,840.5893926,0.998831,41.8266
Coggia,45.4027920,0.962822,34.1267
Winnecke,730.7538462,0.998700,121.1548
Swift,485.8223399,0.997923,77.1916
Schaeberle,-2231.7490775,1.000813,123.0563
"Great comet",188.4098758768578,.9961013234924838,63.42776992249976
Swift,195.8064286,0.990169,144.8016
"Great September comet",76.7326733,0.999899,142.0112
"Great September comet",83.35973092554065,.9999069978685318,142.0206977584303
"Great September comet",91.1882353,0.999915,142.0105
"Great September comet",96.8625000,0.999920,142.0093
Barnard,3.0701575,0.583252,5.4701
Brooks,42.2388926,0.982264,59.0970
Fabry,-1799.272955838197,1.00035702134599,82.62929773653367
Barnard,-2387.140988185462,1.000200765618757,84.44109026039496
Brooks,83.8678893,0.996783,87.6615
Brooks,3.0920110,0.571388,12.6710
Barnard-Hartwig,-1625.7769608,1.000408,101.6154
Brooks,99.9720962,0.983694,104.2738
Barnard,356.7476325,0.996093,17.5479
Sawerthal,169.3582162,0.995874,42.2482
Barnard,-1475.5414634,1.001230,166.3842
Barnard,179.4940085,0.991488,56.3425
Davidson,435.2118041,0.997611,65.9916
Brooks,-5696.238703884832,1.000334888876913,120.5690281287061
Zona,495.8076550,0.995872,154.3070
Swift,809.1662727,0.998731,38.7002
Denning,-5311.9299191,1.000371,89.6959
Brooks,-2213.1269841,1.000441,24.8012
Brooks,231.2705782,0.996489,129.8233
Denning,3.7965927,0.697887,5.5274
Gale,97.1759589,0.989884,86.9666
Swift,3.7293433,0.652013,2.9923
Perrine,-3714.891484943543,1.000051677678226,141.6263413348372
Swift,-1189.6764706,1.000476,55.5600
Perrine,-1081.1709054,1.000983,146.1365
Perrine,56.0350455,0.980454,72.5292
Coddington-Pauly,-1821.8361884,1.000934,69.9358
Swift,-982.6193349603467,1.000332344593772,146.2697266518107
Giacobini,-1258.5340265,1.001058,146.4486
Borrelly-Brooks,-3418.615799665762,1.000296855193023,62.53281038405206
Giacobini,-4599.5439469,1.000603,43.8956
Borrelly,-813.2561576,1.000406,85.0155
Brooks,-3155.666144588684,1.000858018041939,125.1312052229071
Giacobini,-2775.8834808,1.000678,99.5989
Giacobini,36.399128379526,.9693742867786072,40.46302538375451
Kopff,-2998.27017987477,1.001114640277549,4.280615115281046
Thiele,56.46231599959761,.9785311146396048,56.34503251449824
Giacobini,-2045.5682951,1.001003,141.6595
Daniel,424.6873964,0.998794,8.9577
Morehouse,-1448.24915314996,1.00065269398285,140.1752928975709
Borrelly-Daniel,160.9095074,0.994762,52.0803
Kiess,184.0682364248767,.9962849053777152,148.4199840116817
Brooks,163.4153589,0.997005,33.8095
Quenisset,429.6906710,0.998167,108.1000
Beljawsky,-2064.1088435,1.000147,96.4659
Gale,-1587.7583149,1.000451,79.8097
Schaumasse,309.1746604,0.995288,152.3673
Metcalf,555.7868852,0.997560,143.3547
Delavan,-7125.5419355,1.000155,68.0388
Kritzinger,-11306.8584906,1.000106,23.9138
Neujmin,-1161.600078721537,1.003225748205672,71.04552065095704
Campbell,534.2998501,0.998666,77.8360
Mellish,-6657.5231788,1.000151,54.7922
Mellish,27.6473325,0.993121,32.6828
Schorr,3.5448254,0.468582,5.5752
Metcalf,-5023.8333333,1.000222,46.3823
Skjellerup,193.9334347,0.994081,22.0303
Reid,-2824.8095238,1.000357,132.1876
Dubiago,14.19057613546438,.9215285186774284,22.30812788831095
Reid,125.0063689,0.986968,32.4456
Baade,-3597.71420518172,1.000627821023657,51.45604216822986
Skjellerup,147.4205906,0.993735,23.3659
"Shajn-Comas Sola",-1719.0727796,1.002432,146.7131
Reid,334.4183047,0.995116,26.9797
Orkisz,-1833.8462810,1.000605,100.0224
Wilk-Peltier,-1512.0178218,1.000505,144.5980
"Van Biesbroeck",-4100.1125654,1.000382,49.3307
Blathwayt,176.6645221,0.992384,128.2986
Wilk,691.5997942,0.999028,124.5103
Peltier-Schwassmann-Wachmann,581.6554307,0.998131,99.8830
Beyer,-3966.8549618,1.000524,71.9693
Wilk,61.7230336,0.992194,67.1409
Nagata,50.3391355,0.979203,42.2957
Ryves,111.1632047,0.999326,169.2881
Houghton-Ensor,45.0052380,0.972127,74.2776
Newman,-2736.5647841,1.000602,78.3894
Geddes,-1616.7582110,1.001431,124.9886
Peltier-Whipple,43.8914138,0.976369,71.7195
Dodwell-Forbes,40.9498081,0.972386,24.5025
Johnson,93.2782889,0.991304,65.4251
"Van Biesbroeck",-1977.2171149,1.002045,66.1122
Peltier,133.7225532,0.991775,78.5447
Kaho-Kozik-Lis,92.3904830,0.994389,121.9417
Whipple,-12655.4087591,1.000137,41.5515
Wilk,32.7445244,0.981098,26.0205
Hubble,71.0394895,0.972499,11.5806
Kozik-Peltier,146.3132530,0.995103,63.5238
Jurlof-Achmarof-Hassel,346.8588313,0.998477,138.1212
Friend,336.6128917,0.997192,92.9520
Whipple-Paraskevopoulos,56.4925615,0.980843,54.6906
Cunningham,-758.2494845,1.000485,49.8942
Okabayasi-Honda,-727.7368060,1.001459,133.1141
Friend-Reese-Honda,50.1551733,0.981221,26.2756
"de Kock-Paraskevopoulos",879.7694878,0.999102,168.2039
"van Gent",-3599.9547325,1.000243,94.5165
Whipple-Bernasconi-Kulin,-1618.4804031,1.000893,79.4520
Oterma,-1292.3044298,1.003183,172.5144
Vaisala,19.3951116,0.933639,37.9961
Whipple-Fedtke-Tevzadze,173.4555356,0.992196,19.7127
Vaisala,370.9009231,0.993500,17.2882
"van Gent",-1067.5937650,1.002085,95.0056
Timmers,-1474.8751069,1.001169,72.8427
Jones,-1161.074065080114,1.000978386623501,56.96487954483178
Bester,-3620.497865198458,1.000665011827148,108.175814868361
Rondanina-Bester,205.5312568543281,.9972762668688181,39.29157303377052
Wirtanen,-2688.1825095,1.001052,97.3313
Bester,-2150.322411307483,1.000347914851798,140.5686542230477
"Southern comet",243.554977628011,.9995482247483805,138.5418843854655
"Southern comet",296.5579515,0.999629,138.5332
Mrkos,-1382.0801843,1.001085,77.5331
Pajdusakova-Mrkos,-2677.3265565,1.000787,92.9194
Wirtanen,-1431.5636523,1.002278,155.0779
Bester,509.1675330,0.997499,87.6054
Johnson,-3580.9691445,1.000713,131.3511
Minkowski,-2089.6303818,1.001231,144.1552
Harrington-Wilson,3.42804069796391,.5143270410947761,16.35240080486369
Mrkos,74.6447858,0.982816,112.0282
Harrington,407.0848411,0.995910,59.1154
Mrkos,-2267.4314869,1.000343,97.1837
Mrkos-Honda,391.7715600,0.997391,93.8573
Abell,-1194.607248140641,1.000812137032861,53.22829001016455
Kresak-Peltier,-4289.5229885,1.000174,88.5406
Vozarova,-2368.7447552,1.000286,116.1542
Baade,-7603.0137525,1.000509,100.3891
Haro-Chavira,-873.5528177,1.004667,79.5999
Abell,-1610.7774991,1.002791,123.9327
Mrkos,50.2320707,0.989361,86.5016
Bakharev-Macfarlane-Krienke,244.7196983,0.994167,50.0329
Honda,-934.1246040,1.000947,107.5221
Wirtanen,-1620.1318761,1.002745,33.2017
Arend-Roland,-1283.838103706093,1.000246171221804,119.9442980711338
Mrkos,558.9496063,0.999365,93.9411
Bester-Hoffmeister,-466.7913401,1.002679,12.8322
Alcock,-1251.7453754,1.000919,48.2566
Burnham,-3478.2965517,1.000145,159.6002
Humason,-4826.8404977,1.000884,125.4695
Candy,105.1100990,0.989900,150.9552
Humason,204.5261241,0.989569,153.2780
Seki,83.1862482,0.991812,155.7107
Seki-Lines,-10465.6666668,1.000003,65.0142
Ikeya,95.4460214,0.993377,160.6487
Alcock,792.3201031,0.998060,86.2194
Pereyra,93.7962963,0.999946,144.5821
Tomita-Gerber-Honda,123.0299975,0.995933,161.8323
Ikeya,53.5099303,0.984643,171.9200
Everhart,361.1342128,0.996513,67.9689
Ikeya-Seki,91.6000000,0.999915,141.8642
Ikeya-Seki,103.7066667,0.999925,141.8610
Rudnicki,-1072.1867008,1.000391,9.0798
Tago-Honda-Yamamoto,171.8803996036914,.9960415672594262,102.1692968235143
Honda,-1623.117191661796,1.000714944182529,143.2382577330874
Thomas,705.6890828,0.995301,45.2291
Bennett,141.2151300,0.996193,90.0394
Abe,-23177.8958333,1.000048,126.7199
Toba,-1591.3445161,1.000775,109.6825
Bradfield,494.7780149,0.998126,123.6930
Sandage,-679.9788486,1.006288,79.3681
Kojima,-2109.0687623,1.001018,141.8554
Heck-Sause,-5012.2235529,1.000501,138.6283
Kohoutek,-17803.1250000,1.000008,14.3043
Huchra,88.2336158,0.972977,48.3290
Sandage,-81560.2711864,1.000059,137.4032
Gibson,-5975.2255054,1.000643,108.0665
Cesco,67.2323099,0.979579,173.1585
"van den Bergh",-1524.5511651,1.003948,60.8537
Bradfield,-865.3472711932214,1.001406308953813,55.24387247326265
Kobayashi-Berger-Milon,-4387.2268041,1.000097,80.7812
Mori-Sato-Fujikawa,629.859808579882,.9974535071333347,91.60772360989004
Suzuki-Saigusa-Mori,58.4126995,0.985653,118.2332
Bradfield,-13116.71101938279,1.000016674971074,70.62621264302751
Sato,-711.6705107,1.001214,93.9552
Bradfield,136.9865891,0.993811,46.8340
Schuster,-3278.0724154,1.002099,112.0259
Lovas,-1490.0572373,1.003931,86.6321
Skiff-Kosai,3.846712666293575,.2591709272577772,3.201390021545717
Lovas,-1630.1217912,1.003506,64.5266
West,-1891.4851552,1.002964,116.9300
McNaught-Tritton,-2941.4030899,1.002136,153.1829
Meier,-1337.0870588,1.000850,43.7614
Haneda-Campos,3.290091966795389,.6652319398949059,5.94732961873238
Machholz,-4258.6250000,1.000416,130.6364
Seargent,221.93046165412,.9983333700466672,67.8282805226805
Bradfield,-7003.6779661,1.000059,136.2293
Torres,-4421.6188679,1.001060,92.1782
Meier,53.4298773,0.973197,67.0840
Bradfield,45.25922633504624,.9879521840347483,148.6024233616918
Bowell,-58.26829222588107,1.057731876173255,1.661712630614323
Torres,-15755.4695122,1.000164,73.1503
Russell,-1226.0249565,1.001723,128.7068
Meier,283.2570973972398,.9946354967632665,100.9860029929185
Bradfield,944.8109091,0.999725,138.5850
Elias,-7196.5371775,1.000659,115.3105
IRAS-Araki-Alcock,98.02190892597082,.9898865367679596,73.25136691611139
Cernis,-2193.518019737866,1.001512627551151,134.6952731551697
IRAS,-11503.9591837,1.000196,120.7372
Shoemaker,-22005.8421053,1.000152,137.5972
Bradfield,28.4680038138321,.9523152204999124,51.80056571291759
Shoemaker,-3745.1500000,1.000720,116.6650
Shoemaker,41.7429112,0.970905,13.8812
Thiele,78.8564928,0.983297,139.0692
Shoemaker,67.5284480,0.946780,159.8090
Wilson,-3816.601532201408,1.000314323622892,147.119166436454
Wilson,-3845.0352564,1.000312,147.1191
Wilson,-1504.8243413,1.000797,147.1192
Levy,-2405.9660574,1.000383,96.5830
Nishikawa-Takamizawa-Tago,207.0510587878576,.9958001192314254,172.2299287398941
Terasako,80.6194872,0.995125,40.8543
Torres,-3595.8214286,1.001008,124.0800
Shoemaker,-1922.3487143,1.002839,132.4743
Bradfield,165.1490178405751,.9947383511154976,34.08809392070816
Rudenko,-1378.9542334,1.000437,114.8751
McNaught,576.4937505697903,.9985408984948647,97.12651965007115
Furuyama,-8314.4851485,1.000202,117.7834
Jensen-Shoemaker,-699.1439060,1.004767,76.7159
Liller,244.9295488,0.996565,73.3224
Shoemaker,-1997.1520445,1.002519,80.5858
Levy,537.6263736,0.997816,62.8074
Shoemaker-Holt,541.2285714,0.997830,62.8066
Shoemaker-Holt-Rodriquez,-3691.867675689532,1.000670201350802,97.68849476093813
Bradfield,18.8529966,0.977708,83.0672
Shoemaker,547.6155602,0.995180,96.5548
Okazaki-Levy-Rudenko,-12803.87078398914,1.000050166934307,90.14614963594479
Helin-Roman-Alu,112.0969710,0.990657,46.0369
Aarseth-Brewington,-3227.164279787497,1.000093173669367,88.38765807172712
Austin,-1529.839598484181,1.000228634268294,58.95644079395399
Skorichenko-George,-5327.26094045336,1.00029455446894,59.36586123107189
Levy,-1498.666001804443,1.000626370846714,131.5839912575771
McNaught-Hughes,-2238.9298831,1.001198,132.7742
Tsuchiya-Kiuchi,233.2245944,0.995316,143.7839
Arai,151.0756347,0.990507,70.9783
Shoemaker-Levy,348.8963339,0.993508,77.2881
McNaught-Russell,-2700.4448841,1.001769,113.4304
Helin-Lawrence,-3521.3944316,1.000431,95.4565
Levy,13.80345566059359,.9288178630692923,19.19030996858108
Helin-Alu,-58432.6867469,1.000083,49.2952
McNaught-Russell,589.3991511,0.994581,90.5062
Mueller,-900.6027681482402,1.000220756914738,95.57923987605376
Zanotta-Brewington,-11126.6887158011,1.000057876069162,50.028420073166
Helin-Alu,-727.0614606,1.004149,39.2638
Tanaka-Machholz,312.7164105,0.995966,79.2924
Helin-Lawrence,58.8554353,0.965365,106.8481
Ohshita,80.2191086,0.991721,115.1232
Mueller,-1089.1124227,1.001779,124.8778
Mueller,-1022.0810670,1.005773,53.9401
Shoemaker-Levy,6.86479462772464,0.216209166902718,6.00329387351007
Shoemaker-Levy,6.85975046060383,0.21561980095451,5.99021562093506
Shoemaker-Levy,6.85550078308846,0.215168721891631,5.98196470024359
Shoemaker-Levy,6.85157692775468,0.214725344771338,5.97296760290446
Shoemaker-Levy,6.84876680329523,0.214410647112686,5.96662924437359
Shoemaker-Levy,6.8416311328135,0.213584842181363,5.94846271863137
Shoemaker-Levy,6.83519994507556,0.212881484692546,5.93551371374279
Shoemaker-Levy,6.82546594922813,0.211779323910265,5.91286837566443
Shoemaker-Levy,6.81351105282298,0.210425448477792,5.88506957894794
Shoemaker-Levy,6.80415743988231,0.209361077381853,5.86313092273686
Shoemaker-Levy,6.79471927543361,0.208276887601964,5.8404576774569
Shoemaker-Levy,6.79035121307075,0.207745069231454,5.82928836968581
Shoemaker-Levy,6.78700125866336,0.207404261072323,5.82281870280407
Shoemaker-Levy,6.7798162961469,0.206581487615908,5.80586825809112
Shoemaker-Levy,6.77247672376735,0.205736784639543,5.78848328695519
Shoemaker-Levy,6.77073147824917,0.205504067078631,5.78300221201263
Shoemaker-Levy,6.76764030690653,0.205167432646655,5.77630972332207
Shoemaker-Levy,6.76283133151766,0.204616254273571,5.76488981827278
Shoemaker-Levy,6.75981885231139,0.204282262259821,5.75836987705035
Shoemaker-Levy,6.79146749135263,0.207887299897626,5.83125747469604
Shoemaker-Levy,6.78749083083471,0.207453370273124,5.8236069821438
Shoemaker-Levy,-53918.91508776817,1.000089936671929,67.76676945668905
Mueller,-3002.255745489366,1.000322175734649,105.0265253123575
McNaught-Russell,134.7639485890284,.9935618109384957,51.58657324414789
Mueller,55.0218354,0.968171,145.1425
Shoemaker-Levy,431.4296351,0.997314,131.2547
Takamizawa,545.4374125,0.996429,135.9611
Nakamura-Nishimura-Machholz,-20002.6315790,1.000057,94.3789
Hale-Bopp,182.0519703474959,.9949607008417696,89.21708989130315
Bradfield,220.6208291,0.998022,147.3942
Hartley-Drinkwater,56.4229437,0.966518,168.0075
Hyakutake,-4357.9090909,1.000242,54.4659
Szczepanski,156.8787073060539,.9907649171869984,51.91891642560662
NEAT,-1485.868340384609,1.000914586462947,114.4753886985857
Evans-Drinkwater,-1261.956885171863,1.00102832817524,22.51637369847596
Evans-Drinkwater,-2188.81821798519,1.00059350950148,22.5113875986251
Brewington,-1639.16887627306,1.000564811258202,52.1478592413312
Russell-Watson,-24672.73569636024,1.000081298256318,29.08314121325688
Tabur,794.1190518994173,.9989424307156705,73.35850200643041
Hergenrother-Spahr,131.7497709982171,.9855848057082933,145.8144452491918
Lagerkvist,3.782017661021373,.3099869263140151,2.605335348843415
Lagerkvist,969.8455631951682,.9946162064873315,39.27572633586134
NEAT,-1482.98208761604,1.002128935220816,145.0716906386935
Kobayashi,8.587964450249036,.7607636982815168,12.34951889496333
Mueller,-1944.178634827047,1.001156077960184,141.8896066360191
Montani,528.7503296505272,.9941655524052918,69.83548378213784
Mueller,255.5321550962601,.9909908326610778,122.9683333321228
Meunier-Dupouy,-5461.888968047829,1.000558625154887,91.27340478086299
Tabur,-2477.116257413857,1.000159751407657,85.96296496969326
Tilbrook,87.01353759761383,.9842344912389598,115.8023929050287
Spacewatch,-152.5637103578135,1.027942427350879,14.57917544270503
Utsunomiya,920.1050937254577,.9985228756797022,127.9926245310526
LINEAR,12.09962949871212,.8236845951680475,109.714555981217
Stonehouse,717.3015843930482,.997926548903626,104.692820480745
SOHO,-965.2344850222767,1.000158732937728,62.93161518249953
Mueller,62.29910808045978,.945157929738068,35.63602149617225
LINEAR,72.41015748127522,.9866932066450121,9.927151548550016
LINEAR,431.1748078678133,.9927683047551468,20.38455059873963
Larsen,-2521.390972584898,1.002287716907374,113.4228240871866
LINEAR,438.2924187400267,.9960248231687634,82.22888679642551
LINEAR,357.9316098787016,.9955916833554048,32.30577240736316
LINEAR,-8601.205069607729,1.000462198866256,156.4286845712882
LINEAR,102.8788076522125,.9879814609898551,131.7647388383465
LINEAR,4.504092930811121,.2439303342233866,5.030972491814873
LINEAR,-5417.326920388937,1.000907199558229,129.1868993254079
LINEAR,22.9560080252012,.9238983801871171,28.10815046948878
Tilbrook,176.9165615545454,.9958695736818292,89.48139961521703
Li,16.34051805999441,.7601040303666825,46.88126397247901
LINEAR,28.23306328073737,.8566083742363325,76.56419601493974
LINEAR,-1181.312809261671,1.002963511775184,115.8373395565359
Skiff,-6429.784813416728,1.00110575449242,86.4128316232309
LINEAR,-18502.15910659901,1.00020436910514,118.9109525253466
SOHO,3.100499137810655,.9841773127951194,26.61314180046124
Ferris,154.7292410952926,.9658095653934106,82.19108562798276
LINEAR,234.7740714230445,.9917845173020522,92.27416903618881
LINEAR,16.99529358123215,.9151327321304392,120.76535165
LINEAR,-1844.999937069008,1.001764441559799,89.47117783580335
LINEAR,346.8090912102245,.9935209991243986,46.34384076333297
LINEAR,675.5040428878223,.9965614732177263,135.158641370761
LINEAR,-5920.780807362745,1.000709459732131,52.7340203072155
LINEAR,392.6029663697185,.995148368808479,43.94176407402822
LINEAR,77.58415415159774,.9743643882957196,166.0992819635312
Lynn,298.3585787369228,.997448424696,111.6559481239813
LINEAR,-1312.548453745679,1.004193939457726,156.9228933922217
LONEOS,3.527239316145057,.6507867330621594,8.191041705657121
McNaught-Watson,-1219.787358934008,1.005302411305565,65.82027190372058
LINEAR,18.94258911219854,.8999638046985347,70.56090996030271
LINEAR,-7227.979658692035,1.000105851065039,149.385076962833
LINEAR,-1509.949271614163,1.002011593285553,111.0020441615906
LINEAR,-1658.437878057757,1.00323714064944,104.7572874872987
Ferris,-1213.564546335064,1.003410705694193,105.7451408242765
SOHO,-3.031123069109495,1.016170765910039,26.81108230522026
Catalina-Skiff,-649.4697601791498,1.00756825337071,51.9259769060138
LINEAR,17.38635001772859,.8405737375886086,14.84640160557819
Catalina,4.180601767128158,.2139129344086863,5.028342925148131
LINEAR,-3528.004952575548,1.000876242360996,134.7960523616605
Montani,-2481.395070339438,1.00392645804061,24.54231574684956
LINEAR,17.27912516322893,.8670297694866532,156.9919261614296
LINEAR,14.31747148863408,.8102233242161981,170.4792262546381
LINEAR,-1674.601105165976,1.002172567343416,118.2368307551189
Ferris,50.06744622556968,.9492424341284913,98.77001821721569
LINEAR,-2723.292375427244,1.002304504397187,116.7891291645384
LINEAR,522.0398985744872,.9953316487218468,25.63358057156423
Koehn,-875863.0179421579,1.000006761076483,148.10417364
Spacewatch,-1194.289494920088,1.001819314805752,152.4325923218559
LINEAR,3.33849252580592,.5836543592898227,3.216341314927662
LONEOS,11.69071222695307,.7722785038177395,25.16431265811679
LINEAR-Spacewatch,7.12079419024277,.6818586012094172,28.32634846850978
LINEAR,-728.660613580131,1.004860831410032,75.23665833645734
LINEAR,-652.3788935652981,1.005343748183745,93.65235561168429
Utsunomiya-Jones,-99544.67133266908,1.000003226503976,160.1654613967298
LINEAR,-2286.223355455525,1.000242910613442,72.55023273454583
Tubbiolo,-3360.101982669482,1.002373364395291,137.9744527573018
Skiff,490.0940603775261,.9943506587144511,12.08745291945946
LINEAR,265.7756562694428,.9909456511051214,59.94068029705615
LINEAR,-2376.039743142856,1.001232485109518,104.1114439540539
NEAT,-3028.941038355447,1.001752034105392,150.6015670614941
LONEOS,-2936.444771960706,1.002804596630424,45.36453715602048
NEAT,5.994498509386838,.6001913472530236,8.399275685101079
NEAT,26.6595866982736,.8010922838378196,28.08338955374133
LINEAR,-2524.730956083517,1.001056948773768,138.5435427720002
LONEOS,13.29995428610206,.9252593010411703,80.24505504971198
NEAT,171.2361155585013,.9659302687497193,66.95042722674785
NEAT,-1397.782599782068,1.000688204104655,99.64263544704116
NEAT,7.994479776583038,.8238563067834858,56.8552151654871
LINEAR-Skiff,4.114487097146357,.4859450123302165,17.34483862636293
LINEAR,-1281.622010117728,1.00160543554003,30.57411996618429
Skiff,53.34681681798641,.9297223895880558,139.1325313320458
NEAT,6.50579925270305,.614844576455912,19.19849889216964
BATTERS,17.92813646199146,.9413734582356099,115.9130896558433
LINEAR,566.8874959707383,.9970048131828605,115.6268447253623
LINEAR,17.15577765006746,.7254080190784703,14.05434608215228
LINEAR,17.18740203759119,.7261376286811095,14.05122749728308
LINEAR,-542.879080169659,1.009489438970738,48.08413625848007
LINEAR,9.918418994809931,.7710192684405167,51.02145254597514
LINEAR,-804.0047608211391,1.00753422541536,73.6947396974568
LINEAR,9.815943503090823,.7914862340966966,145.4587027497929
Snyder-Murakami,-1852.776076623402,1.000791485362608,92.54500862239934
LINEAR,6.490000064300673,.5939101217838956,4.969701017005215
Utsunomiya,950.3471170235424,.9995388012543218,80.87698378967451
LINEAR,275.5042122195512,.9940660055712118,110.5011212903858
LINEAR,-5010.019794144477,1.001143067897722,117.2282481354258
LINEAR,763.3488293679429,.9931419767231096,130.8956599070007
NEAT,17.52768081605259,.8422772022250582,94.06269700337155
Hoenig,-930.351847530698,1.000834309658419,73.12646882813617
SWAN,349.3500397976443,.9985840911328377,58.62405421977971
LINEAR,-3316.373981967269,1.000272382494685,98.74334446907731
NEAT,413.8706751628979,.9842215889072761,34.60610757079473
LINEAR,56.00934592933308,.9767386275907417,96.75817281607587
LINEAR,465.3330321264617,.9971937681021504,96.87858479764969
LINEAR,-789.1906145388194,1.001574988945131,149.1642298954596
LONEOS,-1481.749673413841,1.002611430955677,161.0951765159935
SOHO,3.216123486530712,.9852612620332006,14.12062880864015
SOHO,3.223552998284503,.9848618681444121,13.57497488003668
LINEAR,6.988781007646011,.437076499556222,30.90345758200205
NEAT-LINEAR,7.651804825505631,.5573464446157246,11.00930562040645
LINEAR,-1265.394117216441,1.000485655273966,160.5827037080055
LINEAR,-26871.74897011904,1.000044977765914,59.13565653209308
LINEAR,201.60570167791,.9662868385133666,70.51626382440496
Juels-Holvorcem,250.5964330648436,.9971515572410348,103.7815394874147
Gleason,-1640.75794389587,1.006964654814308,8.061559109791737
NEAT,13.72540232133408,.7635801784128617,33.53781886273768
LINEAR,20.66261789746767,.8060361814012834,70.22151126935883
NEAT,6.503991467451984,.5422509146090981,11.60439403967671
LINEAR,-3570.480931382432,1.001376924742567,66.84932862474425
LINEAR,440.9405684024293,.9964771452947927,96.16728108175819
LINEAR,38.15862314085139,.9429089752773024,74.21751088127657
NEAT,577.4806642802951,.9911245127160041,98.31348710390539
Spacewatch,42.16067112736083,.9504906689671544,129.8349406985404
LINEAR,-3419.188960981007,1.000299374925756,134.2525198435945
Scotti,6.697938737501532,.2520520162267936,9.024139899608036
LINEAR,154.4044215024275,.9814461231044116,82.0510749631039
LINEAR,-4909.749142139206,1.001394646760483,117.9816909954926
NEAT,8.025492874593112,.4717914141139498,11.39653447830706
LINEAR,19.70232857640934,.8933178900261248,149.1956252274832
LINEAR,-4498.564034294653,1.001807139928184,151.4977115681849
LINEAR,36.92953762223349,.8950980247173976,40.70817215017712
LINEAR,40.00968422595836,.9040799923798569,40.39988146146798
LINEAR,-1811.431678543329,1.000469099104886,86.76125616308698
SOHO,2.568001499205034,.7761658802046894,11.47518895022213
LINEAR,22.89423024194806,.9215647483541063,164.4745444686548
LINEAR,602.9834361905533,.9970427994380671,28.67513144128866
LINEAR,25.15922969014187,.9343217208389496,78.07582624972261
LINEAR,-2007.594753317565,1.002585642607977,31.41057839973252
LONEOS,7.897356230530399,.3083070661908868,10.57623805392982
LINEAR,-1226.129511626262,1.001306505865925,114.0969124372517
Larsen,11.56864569017353,.6231700094516652,28.91693010569346
NEAT,-3076.883394766719,1.001616762121938,45.53741956946674
Spacewatch-LINEAR,7.465536942695564,.4515129906968348,14.53577959368019
Catalina-LINEAR,45.78564026778636,.956027036777287,66.80929056908211
LINEAR,151.6076572103011,.9905648389686038,104.9600381193106
Bradfield,238.178977574906,.9992935316580113,63.1645646519246
LINEAR,4.952352882093621,.1708705665826946,2.127779894354743
SWAN,-1220.153660710548,1.000636220002768,107.663966795979
Spacewatch,49.45552906845233,.9379979377901467,92.5316990912204
LINEAR,57.98955250419395,.9809732710525053,111.9282636325526
LINEAR,858.2817864622899,.9976145206970748,159.3608170687725
LINEAR,789.7242174774907,.9952152553380186,62.51864127374024
Tucker,186.7827714369078,.9890422148442717,56.08768421173367
LINEAR-NEAT,3.83686508210991,.441870229165733,7.972560621203997
LINEAR,700.3775276967579,.9972266973372964,21.61822935349578
"Siding Spring",7.11316752326568,.4463367582522231,50.45272999322102
LINEAR-Hill,7.950474393839813,.4452088464437856,19.35812507214365
LINEAR-Hill,7.950934061463467,.4452347455436068,19.35820944001358
LINEAR,6.06163536800732,.6837159281532069,5.048372737112611
LINEAR,-684.9715532400644,1.006426980253277,81.07678007338774
LINEAR,-1401.37096163182,1.00064701084044,74.8807301054095
Christensen,-16397.35927566377,1.000195454131279,92.55117201064201
Tubbiolo,7.225138589342865,.3847010730829723,5.153549024277627
McNaught,-10958.54474001813,1.000138666001406,16.98833270217519
LONEOS,-1220.623917370001,1.003183882558144,130.6766796894065
LONEOS,5.861863228679147,.5173023922910023,1.189375539978534
LINEAR,46.25686324939289,.8969112517769099,81.51213109049053
Spacewatch,3.497823467661401,.3493726982627097,8.855948692003075
McNaught,3.566446585890632,.5709607155587609,31.76592958924697
Catalina-NEAT,6.443388348223723,.3747266543321887,3.27533103380329
Skiff,-1122.153325564884,1.003290917446267,77.74759041068933
McNaught,3.974456939209385,.2092407242251397,7.736862228853128
Juels-Holvorcem,729.4551044469075,.998457139748928,51.18017042970165
Catalina,58.55542621011504,.960656654330444,116.6303124363486
Catalina,28.6874217129106,.9432713407932722,21.37875887754832
NEAT,50.94415898303273,.9295128118254572,155.9808223307359
Christensen,23.70667354472577,.8593823365290151,148.892046210391
SWAN,42.79125038665939,.9877130951887511,89.7075218063404
LINEAR,-1481.497193117771,1.004325620000607,105.1916423982162
NEAT,5.50376867148579,.6280590302207365,15.3957834836424
Skiff,7.964647120113971,.1966759305131237,3.141038940925659
LONEOS,7.113120790013903,.4632081004615741,24.09843418976646
Christensen,3.825205346290136,.4219402206570256,8.33784149317662
Read,7.508577988856703,.174066228108272,6.26140979272885
SWAN,9.316671999615354,.9302970589572455,160.0361800933672
Broughton,7.254579443400196,.5524475979900219,21.37243996341761
Christensen,18.97887059360107,.8244562759020458,11.26402692324792
Kowalski,6.40784676089575,.5305162999174451,16.77806687246722
Beshore,689.0214146061786,.9958459138301063,91.94350578111045
LONEOS-Hill,6.133054477482365,.7101497213234979,16.8959165351062
LINEAR,190.4304141392194,.9895341773528563,40.54360999168678
McNaught,6.297442559664529,.467141987174565,19.17831188282623
Catalina,216.3153117048147,.9918999288969116,144.2627760517462
Hill,5.556543044243771,.6594600653250364,17.45904924578262
McNaught,-5395.860030574562,1.001119489606132,83.19421320429628
Kowalski,4.708886826359565,.1243843461724506,21.19123211818199
Christensen,12.3241172067572,.6513758601067797,20.5114508486757
Spacewatch,3.529653180549439,.3370836608387048,12.38685238943066
McNaught,5.68428411554105,.5815691838471712,12.87014997459182
"Siding Spring",7.817536442333763,.8431183899257025,31.88449912918633
"Siding Spring",-1073.384759049959,1.002110711914092,45.8097769577079
McNaught,-2760.770568108962,1.001603004434115,53.87673380850174
McNaught,-3164.066487555777,1.000790580415767,92.62000664535464
Garradd,550.7769112074421,.9973454400139782,143.242574898384
McNaught,-1968.773204810868,1.001012786768707,101.022314959069
LINEAR,153.6720342777631,.9768585136447149,54.87692507809005
SWAN,-4229.669328754716,1.000185122806876,111.823269866082
Garradd,424.4728951191797,.9963371278047892,43.02867321658418
Broughton,-3101.673836545953,1.000783912743033,30.17042481792592
McNaught,-8953.846942964639,1.000019068501381,77.83699331528216
"Siding Spring",5.613819866762106,.7023280819046082,160.0112054302113
Christensen,3.496169675053849,.6112022864491333,11.86813965588769
LINEAR,-1613.986971355365,1.001958819423748,98.95913562913353
LONEOS,-1463.405335197609,1.003506308824442,166.0326968912187
Christensen,6.236729119959189,.5080788554528548,39.62576996504705
Hill,97.43002642258213,.9730018145306311,10.13138176635292
Gibbs,11.9824823214513,.6306666127837804,7.23001568235407
Catalina,257.6478711033521,.989617976818166,31.11946785338356
LINEAR,-4130.456500446573,1.000245796580833,134.7933226625431
Gibbs,5.799453037545093,.7069120438227606,19.0053606053038
Lemmon,583.8486158297101,.9989873327772469,152.7046320031656
Christensen,6.334718700505952,.5585605151286649,26.49159498558765
LINEAR,251.9599749090672,.9928386465672322,30.62940835386486
Catalina-Christensen,-29448.42291341036,1.000168029759608,69.5638145248335
Christensen,5.829488893147911,.5809719057579803,12.37484233335032
Skiff,737.2415903938067,.9959648001710428,27.49526762759483
Catalina,7.028334234757202,.462250758337214,8.674701984097734
LINEAR,-1092971.683846167,1.000008045396386,41.50596675666902
Spacewatch,55.88932776873455,.977711138582276,178.6180078633341
LINEAR,651.9494072232389,.9920101645906669,45.9202194776224
Garradd,65.00054138830835,.9802176607285894,174.3939986156042
LONEOS,-4679.057680391525,1.000085994656018,116.0820560803464
LINEAR,-1782.971803987006,1.001484141497791,88.35869901249832
Skiff,49.82208301786071,.9716901175219284,52.19103063032247
LINEAR,-3037.397402147605,1.001767491198619,89.8403800755961
Lemmon,435.7407084980567,.9787968993482121,108.4325168652468
Gibbs,7.178524871375155,.6839804493496225,7.619740193418585
"Siding Spring",-1658.824730171804,1.001236258450477,16.30058230585945
Gibbs,-1207.122134066499,1.002922519915798,98.62623169257543
Lovejoy,49.15274955588096,.9766208669695965,64.88353133513537
McNaught,223.6987679000903,.9846535094132141,105.0639406549444
LINEAR,171.446207917116,.979767653418359,161.7608555928724
LINEAR,-595.2835999139409,1.004832511708192,24.38138151248524
Gilmore,5.593632313453447,.6712303064945121,10.23844981230955
"Siding Spring",-9454.117293866555,1.000238170243923,65.65049174650157
Larson,6.024335019482472,.2776081420523336,7.87706634350229
Gibbs,3.438494917242431,.5737076704556389,1.433868570670884
Garradd,5.84761811815059,.6714277317998577,20.22567720161739
Zhao,3.79887024906496,.3433861588491829,5.973081811906361
Lemmon,12.54770629157038,.5570560569859299,16.86304590728255
Kowalski,3.09044443697569,.7748340854540736,9.895275618794958
Gibbs,5.250738041522367,.6174199052757361,23.87145859457938
Gibbs,46.87954351443507,.9136242840667617,45.61520884286482
LINEAR,-2333.732394143512,1.001426557027592,157.7866263340367
Larson,4.967523600618132,.4611653309388188,10.78944517311796
CATALINA,5.411347908045612,.5022748249377793,12.32464692742747
Boattini,-4429.236716961684,1.000191841611794,9.889868093013884
LINEAR,-10776.91300114759,1.000164855905768,78.67356631401962
LINEAR,-4498.0356802601,1.000742748961772,110.1787084695232
McNaught,-2038.230801081695,1.000526507505078,82.54904699541848
Lemmon,6.170602681041615,.1194139539795052,8.34819068278173
Catalina,10.68698506436372,.5481507124931009,35.03769409235052
"Lemmon-Siding Spring",-1670.270196410521,1.00270069730502,61.17552864116551
Gibbs,365.2187576144028,.9890754766884726,72.85630566771123
LINEAR,51.60662048666948,.9465134367722432,75.49198856318348
Boattini,166.0672287193344,.9896168954220333,61.78002374703479
McNaught,-57.76749593512896,1.007777280741637,87.4776313641521
Garradd,72.4018926912193,.9728758694809303,93.27057409763721
Hill,-937.8589067266093,1.002136257924619,44.98836745611487
Hill,6.000689663293179,.6138147332698602,25.86061879702947
Hill,327.0680996092898,.993850576259694,100.2006521700658
Holmes,973.1159547942415,.9971395888485405,115.521003784618
McNaught,4.498421158245883,.1543834216942035,9.516794015783621
Boattini,8.186392096869556,.6949484948780041,32.26990124859417
Garradd,-2326.071376625154,1.001674974890953,64.31036362232093
Maticic,593.6247747927312,.9950151295950933,118.6266193634126
LINEAR-Hill,3.490344250856611,.5063144157253593,7.749718398753028
LINEAR,18.42820062350314,.8964068918001162,43.23793425815202
Boattini,-7435.903376006297,1.001078271272862,162.7027692150349
Cardinal,-11003.61891336579,1.00010925562182,56.30368313930325
LINEAR,3.356687269335557,.5095645495704676,6.957859601351547
LINEAR,43.76884148088445,.9565415549715973,66.47506855705865
Boattini,4.797782060333667,.734881759064938,8.805148714792844
McNaught,8.028078069178731,.4476584684361328,38.81317663371519
SOHO,3.078224129104039,.9787495374822994,23.34562318136519
Boattini,6.688343414831887,.6371907561376727,22.22848526222216
LINEAR,41.79126298868307,.944303776369533,156.8729976057147
Itagaki,40.17714974338087,.9850730694214023,127.4534004104854
Larson,106.0419693453377,.9827361998984089,171.3754974633226
McNaught,346.1407805014679,.9830270582313303,59.36693628755399
McNaught,-2994.083500714365,1.001821884420133,79.34727516879101
McNaught,80.18346392440269,.971997458525133,84.99049126535363
Yi-SWAN,512.1897873070631,.997512330328695,85.76480576086456
Gibbs,41.5872180197963,.9627547942753083,34.82477846631517
McNaught,-1694.605032760923,1.000839370295265,103.8793996583015
Catalina,278.3163630860368,.9975008681159392,107.9605166770692
Hill,7.824366030917391,.6868773563570231,16.21756142595798
Hill,-1907.042428153256,1.001344383345154,95.8233872465357
Garradd,-1555.612855834645,1.000996735852779,106.1772794500434
Boattini,-4302.991807810152,1.001520797473718,163.4528481679468
Hill,5.540909589444346,.4964939268527312,14.44336073748856
Boattini,3.138937041964016,.5791972224164338,10.96932000402221
McNaught,7.465378651273384,.6090609774943676,40.90482250601967
McNaught,-995.8983735013639,1.000406751994624,77.03083803769042
Lemmon,-4567.856173258412,1.001417407904047,60.38462816684519
Spacewatch-Hill,4.775140416736892,.1205785866433164,16.8061519739536
"La Sagra",7.596020098082441,.768990889739842,28.10638626332489
Hill,167.8849826414589,.9915750406777628,51.26076679677453
McNaught,5.09304439147228,.6761538728193216,10.0939387411133
Lemmon,-493.8610278485896,1.00796007548076,130.0998283948903
Catalina,3.080271112842361,.7402970340549665,9.592585691319904
Catalina,375.3775544970785,.9932854416741725,107.3165980658915
Kowalski,6.507140272858013,.6405193553327783,29.92960743900335
Hill,4.375740613611659,.554371437413074,10.33442863778841
Hill,6.056760019298826,.7322284822953157,15.02825207664723
"Siding Spring",292.4449454103702,.9906375583978952,96.7301548304669
LINEAR,5.100106428133667,.6643119995773116,5.784375932911736
WISE,3.110431472658605,.480311218088897,8.931634458197232
Scotti,7.065685609913303,.2591087973064449,9.142473716035386
WISE,6.689419286170088,.4530139631958972,57.17704349090177
WISE,64.66947798584533,.8894653981179039,105.659654259259
WISE,67.53630243090262,.976435600493908,160.4173362637526
Garradd,110.399160483782,.9758858076669726,71.69776938161469
Jarnac,8.640157149067097,.722373562116037,15.43702882851051
Scotti,24.72651714927554,.8427420045719324,18.91022550915907
Boattini,68.41160856576292,.947559715455431,64.93587751125038
Scotti,62.79812577269779,.9132667219598836,4.647577762132053
WISE-Garradd,299.2516066604371,.9905004226008766,107.6253244357524
Boattini,479.0071119154104,.9974853210550678,78.38703103859638
Hill,96.18983585337628,.9794076626857746,103.7452934244912
Vales,3.850379273426119,.1928936226975309,14.2528629501107
Scotti,6.623500088637206,.2721471145483182,2.314210191782865
Scotti,7.143608239764185,.1564584444001168,14.08713026280839
Boattini,36.72256344937771,.9538251813034284,134.3849455670199
McMillan,8.987051902965598,.7268170633861646,13.25506784677328
WISE,8.133067299580707,.7773495490885352,38.69025251674175
WISE,99.84184161925975,.9742548701529308,147.060870769823
WISE,80.09156589617143,.9647210692787417,102.8181181942967
WISE,8.217680146309727,.9037561916724222,147.0516809571623
LINEAR,-1534.078031898648,1.003664361351896,156.9333668720658
LINEAR,-4689.754763335231,1.001258044438583,125.3352810496449
PANSTARRS,5.545920164072267,.323144848008061,8.010884528710676
LINEAR-Grauer,5.600593713412317,.08868544410219316,2.639877285711191
Boattini,6.635988833507865,.2611239231063902,8.246226656195557
Hill,4.275114420993365,.4028806009431616,16.86095310648239
Boattini,-3091.277650980458,1.002732871832744,55.49596844085832
Spacewatch,6.514983951488008,.575137943137254,8.662566000038447
LINEAR,5.730859338109001,.6919871307101922,11.47912931504591
Elenin,-7701.872022235388,1.000062639259691,1.839502454221408
Scotti,3.108941665528677,.4986132301183522,4.47394247912087
McNaught,344.1436072078473,.997433111228625,16.82561339738481
Gibbs,7.366028414710195,.2684599740183615,10.91097719830669
Gibbs,320.4813474979118,.9952668295926201,49.37603703893564
Catalina,3.511743218270934,.2800378284289279,8.459459393529752
Lemmon,6.829592481651051,.4530546778566906,16.01358180890205
McNaught,-2151.305117994449,1.001001783599964,162.2334940415891
LINEAR,-6824.453798087117,1.000504574708268,122.7988291165089
LINEAR,-7284.106527222178,1.00047226894213,122.7921384535979
LINEAR,19.56264859783847,.9258284402393274,114.7123652374121
Spacewatch-Boattini,7.366794664918338,.3187386914147367,19.14127311963044
Schwartz-Holvorcem,-634.182015199417,1.005323619260124,122.6123355776298
Spacewatch,38.39969146226448,.8728305466424084,18.9867704867114
McNaught,11.03446679530371,.7967849127030844,65.51249513854592
McNaught,-1095.770632168213,1.00177359011139,104.2574465134969
McNaught,-19143.82845924095,1.000100494262184,87.11440400056719
PANSTARRS,-9225.910513995423,1.000032684518892,84.20818730770881
Boattini,-1818.740067410029,1.003732047066034,171.4562658433796
LINEAR,-319.5627352633488,1.002803138408785,70.18365475696844
ASH,6.293496776086007,.5459262699201428,35.66877208514697
Elenin,5.561717039442158,.7765212519592289,15.2723383832699
McNaught,7.74116348044543,.359843304117325,6.174119183419176
PANSTARRS,9.756166095533686,.3698231204383632,8.989643287404171
McNaught,-18008.06323466017,1.000074942038127,36.86657293489842
McNaught,5.054322098455366,.5315326908585017,6.051991666162198
SWAN,43.03856673331972,.9741574160779457,147.8430711108278
McNaught,-2795.73988794017,1.000743835622363,116.1968045991654
Novichonok,4.856576840860034,.2674733559776531,19.25651179981108
Gibbs,8.652530969321768,.203195792299339,2.679309963443021
Kowalski,16.30374170217926,.9316035444729497,17.57253023753236
PANSTARRS,4.056313312972152,.4187370261670714,15.24190667234761
Bressi,5.380819760855735,.1011117808009458,9.73745684348776
PANSTARRS,-2421.297772800368,1.000442489616259,116.7750126450803
Spacewatch-PANSTARRS,5.585351107613909,.6326988855068414,10.53946583096947
LINEAR,-3167.224986008379,1.000675105836504,93.96073917292364
Boattini,3.843139920670668,.5551945545731161,7.397080747752141
PANSTARRS,4.656060412321526,.2886554042799238,3.718611448948112
Rinner,3.798734076475771,.3937297148276013,13.77393654130874
Lovejoy,78.68293963959538,.9999294152687143,134.3558107377023
Boattini,6.225064752829134,.7129113838478315,6.351391765095027
Boattini,11.85499191857351,.7049516710663947,26.51737423187869
PANSTARRS,-6434.043389592832,1.001181909888846,120.899914599873
LINEAR,978.1740647375283,.9963835947269146,125.8685092153449
PANSTARRS,6.488867281742812,.4105053694349298,7.627773922298538
"La Sagra",-3007.696200720459,1.00117582926117,106.9329388082464
Lemmon,17.06808031285671,.8736485149367835,2.636870603908142
Bruenjes,-237.1336570275224,1.003383807098222,162.7901861817431
PANSTARRS,9.703893041779768,.6264431501747753,9.188732173058971
PANSTARRS,220.9043800720723,.9826738902863271,105.6584802146931
Gibbs,73.80369934442277,.9654368973217,159.3968294453951
PANSTARRS,6.32873357849248,.5422358759891194,14.72465049026602
PANSTARRS,-2243.884568294563,1.001540571856022,11.35450217062594
Lemmon,487.0734873183327,.9984987106785107,82.60885369092976
PANSTARRS,4.196690080734744,.3852044271116364,11.69649624864336
McNaught,16.14261716923521,.8936493041452123,92.83554238539675
Catalina,-2380.12611606224,1.001327118992396,34.18608862939476
PANSTARRS,-6941.108502021024,1.00015193436041,142.4282592220108
Gibbs,3.617970534470491,.4259597807788336,13.20115133319722
LINEAR,774.4777571201503,.9985257022298749,92.84803138097303
Lemmon,-2758.264787991979,1.002343141331967,106.1112578641747
LINEAR,767.2648580141474,.997051331444831,87.21916840538786
LINEAR,563.3926390666051,.9973224105376092,70.98049127131088
LINEAR,330.7659157432543,.990794007033873,134.196642892253
"La Sagra",8.502735691307915,.8480618337110126,84.37545936896706
McNaught,3.563025432977218,.5792495190447346,11.42859633490801
McNaught,3.596971195225096,.5382688576703016,24.52744095384714
McNaught,4.554350431276445,.6488084957753711,16.49673775155069
Kowalski,26.13755618737929,.6372184856131491,45.18103684421887
ISON,-61.95201446552018,1.000201003833968,62.40397752235779
"La Sagra",4.431643655613287,.6905906287277457,8.581808204347372
PANSTARRS,-3224.175328724161,1.000715864418965,112.9308200282885
Lemmon,3.910534278671199,.3846192106416115,10.98974012291677
PANSTARRS,5.7361230819282,.1590908981388471,12.56199199978015
PANSTARRS,6.672832711196605,.6574395721087789,9.645835997919612
McNaught,113.3748440778759,.9827710020929409,24.09195252266435
Bressi,-744.7386126265131,1.000433475245716,72.0983705317349
Kowalski,14.35422632365051,.8763370611505036,33.27551235071694
Tenagra,4.1846865890278,.2613701706198611,6.294570331078018
PANSTARRS,7.352201383135704,.506570701020906,10.5345307048788
"Siding Spring",5.181443802278596,.6485836529027735,39.29294702544913
LINEAR,616.6991951702023,.9976410537863211,67.18470381104349
Lemmon-PANSTARRS,4.809713518053845,.3402460300520941,6.116704768575779
LINEAR,153.316517184367,.9895711858626149,44.36731679876682
PANSTARRS,20.6904830016571,.7705150043917172,34.12388805254723
LINEAR,37.94599655369297,.946866528017722,20.95943966820895
McNaught,29.38068409061224,.9399324816131235,73.23179125981541
"Siding Spring",-16366.48574855812,1.000085526301256,129.0329176101494
Scotti,4.001371391547863,.4558394854285127,3.366128842077912
Catalina,6.510496250851794,.6854920355323885,144.8614877424104
Catalina,-1377.811500462236,1.00271019421306,43.45479177663415
Tenagra,16.05021675311565,.4310819372312203,21.34119305493562
PANSTARRS,2.879119706350584,.7220863498423203,12.14764992610705
Holvorcem,11.22733649842532,.780880537539185,10.09355563878446
McNaught,-3451.014361579544,1.002254881703536,158.7203768238919
Iwamoto,233.0656623713524,.9939359492686229,21.85771255121794
Tenagra,4.106047215846253,.1962092066393218,31.81022250062019
Boattini,-669.9519518286849,1.002776290402927,79.68749940357161
McNaught,758.7290829917335,.9970310719689823,85.44451630599991
Kowalski,6.876603747103441,.5123905906784999,5.468617198131037
McNaught,-12322.04899000211,1.000174818899006,96.00202210997223
PANSTARRS,-8315.809624989335,1.000463237852121,64.67147519140902
PANSTARRS,4.432250028990902,.4104140410052934,5.925600227077861
Lemmon,387.0814804156513,.9947078357303004,124.0843476925099
Tenagra,-4177.946521979582,1.001277570781694,146.2336692105635
"La Sagra",181.4994165660893,.9854161470444971,27.08945788637483
Boattini,-4016.082414344005,1.001867177368631,128.396353409839
McNaught,6.246398088507607,.6561490455886053,15.49555450103935
PANSTARRS,6.463095608642025,.6461285355508419,4.761282322785596
Catalina,59.85061200189438,.9596374558733339,85.054981149
Christensen,79.77663806466121,.98811352661362,42.34151992521438
Catalina,-5759.704032276287,1.000845934845113,106.7760432778575
PANSTARRS,7.431426855738172,.5924243976657396,2.170406424651508
Borisov,48.04164823820172,.9748050807991576,37.03522605369348
PANSTARRS,6.80078377446506,.7319347194158775,23.24252088993372
PANSTARRS,3.824913853363257,.4389397551779469,13.3070648818778
McNaught,819.2585220092031,.99611831544096,102.8397390618224
PANSTARRS,8.588302700132951,.6052520090084891,18.70230154345181
Palomar,-7483.837469129539,1.001155359505155,93.90590309488933
PANSTARRS,14.77161824238177,.5960461593465634,4.264373623667719
Catalina-Spacewatch,55.64397376816604,.966805526031125,116.7175354441263
Lovejoy,515.4339848767006,.9984249668342724,64.04094460977996
Catalina-PANSTARRS,3.032931460580129,.2734481461811998,.8989340445778941
Catalina-PANSTARRS,3.032698870507931,.2733288372094057,.8979872165430337
Catalina-PANSTARRS,3.032682257929652,.2733146726246084,.8996482090631998
Catalina,-9190.024925740941,1.000307317399279,83.96029144105398
PANSTARRS,5.867364868457376,.6232586171250748,24.20987644795585
Schwartz,3.39255988806689,.5284910228271116,9.352129112092463
Spacewatch,446.4821560521452,.986940958889662,31.40140002115492
Lemmon,3.604391481779416,.6899137951227233,9.365636389487001
Catalina,11.92319661996756,.7971355360134457,23.94154156707054
Holvorcem,898.1402003143587,.9943029603360509,43.09409155391423
Catalina,60.57180971061707,.9821538291314158,145.2585553237797
Catalina,-2930.428914913097,1.000280835880311,148.8782903486127
Boattini,-1165.237895505438,1.001425328014887,65.3100932415765
Borisov,-785.8943491023365,1.004463606775171,37.84839280558035
Nevski,12.71828653247425,.8909685922028165,32.13447939562106
Catalina,-1979.297937022551,1.002619828975917,67.8542292673108
Oukaimeden,488.1011851019209,.9987183372415089,154.8854369835577
PANSTARRS,3.485676977036207,.5938775800982816,4.699493898213464
PANSTARRS,10.45037418847709,.5747098068920828,4.567064347808973
PANSTARRS,-1299.997684927007,1.001010952272263,163.2316764192919
PANSTARRS,219.9495078337911,.9912748792059776,29.4147384641232
Spacewatch,3.305142480727921,.4540561167299528,8.108106951739115
Hill,5.92483067255828,.6498335993471025,24.51348899763891
PANSTARRS,4.67779636386124,.2417461460497303,13.66994821883581
SONEAR,-4889.66910862458,1.000854900382049,121.3599645443622
PANSTARRS,152.2762902523269,.9684789503018905,31.90460508382647
Catalina,-4712.261563285162,1.00042498451271,105.2111993889347
Schwartz,-2066.186332328308,1.004625562387902,28.36760059045938
TOTAS,3.04316680624847,.4460677923375457,2.679592951347788
NEOWISE,108.4167084428265,.9828252896081884,151.7843152586503
Larson,3.711952509183936,.4231796645439844,15.97910170077294
Jacques,688.3359303513679,.9990354749651944,156.3927523000566
Tenagra,148.2033688880081,.9708882477179548,119.0611906815012
Sheppard-Trujillo,16.07492909108202,.6440621790013146,6.483105249990355
PANSTARRS,961.816670437757,.9943143853991262,165.6402508614163
PANSTARRS,55.68691038790028,.9156358755184308,155.824542463867
Christensen,141.4876635134154,.9848827399778618,99.936261168269
Valdes-TOTAS,21.88016606234918,.7659444142204911,5.822077832835128
Catalina,8.642231801410023,.8023050444239744,159.6962701080272
NEOWISE,6.325891302976833,.6467626706865411,5.18440868170358
Hill,8.170638654435015,.7730943254761949,6.26404880474225
Lemmon,-2345.376433535763,1.002644850307519,122.8051062598346
PANSTARRS,-2374.556358438174,1.002348520832875,160.1767810261419
Christensen,976.9403643915965,.9929283963200469,32.40621643091527
Catalina,138.3848968572034,.9824093300001295,164.9096376763638
PANSTARRS,5.813844445193285,.5955444897377926,3.345157125403802
Spacewatch-PANSTARRS,5.012265823776506,.2591749035372483,9.36875436517551
PANSTARRS,7.546042222474815,.3850227414547768,7.806599944575873
Lovejoy,579.3771638947284,.997772853591133,80.30130243516217
PANSTARRS,255.724579493614,.9913058621382402,124.8180267788754
Borisov,28.43599483988032,.942066109189322,89.94888391628815
Borisov,179.4205747042781,.9925012419854963,9.932887506776527
Lemmon-PANSTARRS,4.063611487134344,.4128047909892264,1.088201918006792
PANSTARRS,-8100.411424290251,1.001004554479348,123.8046047724918
PANSTARRS,169.7607558409029,.9876258640050614,64.6703699275772
PANSTARRS,90.45557011234018,.9773427678022546,169.3209865605272
Catalina,14.88708556233073,.7824247228602954,22.28266960060935
Kowalski,2.932362799256595,.6029487637812372,7.495593452889437
PANSTARRS,3.484779279402457,.4710125350501806,6.456958877659221
PANSTARRS,4.520387718767389,.4422413924835329,22.43921291525338
PANSTARRS,4.41010547254904,.3963584699927934,8.8094408617265
PANSTARRS,-874.1890887916194,1.006939267664648,90.11260411223279
PANSTARRS,6.586699869511532,.353076567349626,15.274340075984
Catalina,-1772.731942425969,1.001741732655696,53.56428615208552
Christensen,11.38400415088156,.8692679144849317,98.31367352136922
PANSTARRS,11.1670437921326,.8578446223034569,10.6305257992159
PANSTARRS,9.797317612070374,.6502301021471413,12.7066232787015
Gibbs,3.522919530494213,.5242204773820759,8.512616563858522
Elenin,6.25829420741601,.710004272131517,25.97140630288299
PANSTARRS,902.4084557719826,.9966641728806818,149.7826863079015
PANSTARRS,-1065.719466268733,1.002102780373995,14.92128074570543
PANSTARRS,20.11913342316222,.9008155504834359,80.36576211616034
PANSTARRS,7.599550275279936,.84816769837362,172.5137445752255
PANSTARRS,9.677212590187246,.3825011944146324,18.0272522173104
PANSTARRS,-14240.24171674766,1.000236625739958,105.0881725880154
Lemmon-PANSTARRS,8.712113398775864,.5689449926791705,1.742615745788238
TOTAS-Gibbs,6.611253321385021,.5624621417922049,13.87749076692775
SWAN,470.7358934000515,.9984888077010921,94.50126508553654
SOHO,4.940673047309494,.9942677736165473,69.61628937087089
PANSTARRS,12.98462571567987,.568259629821206,31.83385078130034
PANSTARRS,-3163.939077139446,1.002575524876876,128.5101907988786
Borisov,78.82836015451596,.9890689358364761,77.3017394114994
Kowalski,9.145308796053881,.4996134973362044,20.39899392562733
Lemmon-PANSTARRS,7.238918357136992,.3695605785841957,20.18391612179596
PANSTARRS,383.7925956849005,.9972846483218194,6.348658639685789
PANSTARRS,-73564.77855237208,1.000014201808733,6.352389562585229
PANSTARRS,3.521417772458116,.2782460804017939,2.804399953409002
Polonia,38.35915861669371,.9684416525705365,28.69373588543386
SWAN,231.7799809852909,.9963998564655049,73.38650503491064
Jacques,116.365351139566,.9858727232148183,48.70495328372316
SWAN-Xingming,15.47075653971312,.9776355273044856,149.2590285451703
PANSTARRS,16.18825174176155,.8781984961935907,90.25453598594071
MASTER,-1981.284241410146,1.000393613496198,147.5628102480084
Bressi,32.5303430906816,.9407828162866089,140.6555791416561
PANSTARRS,-1601.093287475795,1.00310235600733,33.70510718034242
PANSTARRS,4.782844475838525,.3457347701716666,18.86668845529269
PANSTARRS,-1892.890461268214,1.003180094110259,94.99828409537535
PANSTARRS,246.9336241350265,.9825038577036903,17.28182895401415
NEOWISE,3.3503213461009,.5540431092072143,8.125240498507161
MASTER,180.5782101892292,.9858372256904213,29.38172970882391
PANSTARRS,259.2873950604335,.9943874336883586,29.10979843854484
PANSTARRS,-21985.66869458168,1.000091316379562,80.25425236411145
PANSTARRS,6.694791951677121,.5539624608563112,39.98728235105297
PANSTARRS,-4131.251706449972,1.001426146416287,93.70941533443083
PANSTARRS,386.3425399922202,.9945861452681096,57.30966492357686
PANSTARRS,7.202635691315836,.1790794426816932,3.973868185362259
PANSTARRS,132.9670928458557,.9732835086700155,65.95107406313532
PANSTARRS,6.073625412058271,.5842414509482069,8.713748051874067
Cameron-ISON,7.176755146235505,.3267316289673023,2.026865522513424
Scotti,3.429506941611042,.4892272090418567,22.64932632956134
Pimentel,7.406559074380461,.7543902471787337,146.2021579301394
PANSTARRS,5.898225433332033,.6328644232915116,22.66825840692919
PANSTARRS,4.512962189374051,.451996283514258,15.54538468983398
PANSTARRS,-17605.96350106649,1.000393909273287,124.5401377746794
PANSTARRS,3.901943709997529,.4346785046699562,12.16571417851231
PANSTARRS,87.04863757118136,.973619621536694,87.91718235425351
Sheppard-Tholen,27.96663644502438,.6660907555289221,11.04834141710825
Lemmon-PANSTARRS,4.563760070342757,.3589773402621452,6.499875213009347
LINEAR,7.298200702768647,.5361439335562351,8.772290376531366
PANSTARRS,-7787.820499135549,1.000547858529271,139.2310771382236
Johnson,-978.0098962997263,1.001673739039319,49.87483490066074
PANSTARRS,822.2039642034529,.9948483722647028,86.23178124922997
PANSTARRS,18.5450386637216,.7056016783632861,60.75130101588649
Lemmon-Yeung-PANSTARRS,-1340.889733539833,1.002028698877074,165.6140861235278
PANSTARRS,193.161945594104,.9928731421767087,134.1349338165466
Gibbs,-1730.336165534891,1.001289855441067,87.31817294412171
Catalina,7.320012811022297,.6341081123554967,11.61125000230552
PANSTARRS,3.629270016340012,.4203932134462533,12.16223575835749
Lemmon,-2712.921399065507,1.002922214637697,148.8365509678354
Catalina,15.75073481000198,.8790813542696114,72.45848480423794
PANSTARRS,5.022906392592807,.4381845102952743,24.37076996049297
Elenin,18.13361827109085,.8127975940354715,29.50489426722737
PANSTARRS,-2581.559370269131,1.002634861184515,124.276532402695
PANSTARRS,2.75471371770106,.1696787828466184,4.558050848008635
ATLAS,-1898.416653747286,1.001940860776066,57.57796608906419
NEOWISE,19.54779124559608,.939109726562653,155.2817051165701
LINEAR,291.8339630298196,.9913853272452572,71.21900728310301
NEOWISE,17.16866414851869,.8792331528182198,57.33593315454799
PANSTARRS,-3029.469034813347,1.001758695333326,121.1809157996551
Christensen,4.746763745138679,.2738679631379342,26.78472723085634
PANSTARRS,7.70843859098279,.3786487043585289,8.593657474094078
PANSTARRS,401.1826882422208,.9939818709415692,120.9622080961797
PANSTARRS,5.022483131718776,.5666192943563481,16.63743329519803
LINEAR,35.06142569082671,.9463476191528291,148.2118393686864
NEOWISE,421.5809006121589,.9923948194639265,50.47615634142614
PANSTARRS,3.021576852980023,.6661792834081991,18.91808899330682
PANSTARRS,-1607.271660223861,1.005263606111297,56.18114314572092
NEOWISE,63.99882268989057,.9756284363060185,38.15651467144115
PANSTARRS,-2621.940818501706,1.003118829506908,131.8870769077632
Kowalski,138.8823234885132,.992267248614594,135.9458076766212
PANSTARRS,2.583224454177184,.2100279535528101,10.9684786914715
PANSTARRS,3.172091853514377,.2282649364694034,14.33019388861698
PANSTARRS,3.17201441284855,.2282306941231177,14.33115571581087
Denneau,669.3522599838985,.9977315649715804,130.3431305116908
STEREO,3.902604096779729,.8803526176030279,25.3299209345864
LINEAR,-8314.640206196582,1.000275600877673,90.8460066566803
PANSTARRS,3.229646336531014,.2938753827005235,25.76600056025338
PANSTARRS,325.9481677469529,.981937074176696,29.89161650510255
Kowalski,16.79100699510476,.5781110907152989,7.256661138649034
PANSTARRS,742.3925654068247,.996494699703688,58.22085071655891
Borisov,99.84903045303973,.9955252918070322,53.06733479371518
Gibbs,5.334964129772268,.4750623978972218,10.8620878980667
PANSTARRS,8.283956041648755,.7088460160308373,94.68967049946912
Matheny,126.0951496862284,.9817596828034063,129.8180271148681
Matheny,101.7444181604581,.9812489723011875,81.31112636376717
PANSTARRS,142.887387543612,.9814575376519357,22.67559214671898
NEOWISE,-1278.415846266564,1.000249659150283,46.43469573086529
PANSTARRS,194.6210571890053,.9953228806569662,24.03565078275875
Lemmon,8.195408054568871,.7867013296948235,117.5476661232868
PANSTARRS,80.39226744089855,.9715101051425382,49.79361493770816
Elenin,43.35238777302241,.9110880397056671,98.50846902494695
PANSTARRS,-19075.99252670748,1.000483142789306,32.43091862938637
LINEAR,-1703.542322711764,1.002305065862561,54.21751848878142
PANSTARRS,4.417533043853778,.3579161814718366,20.49401502848363
NEOWISE,20.78328330255324,.9277434339004029,65.75128755515154
PANSTARRS,98.414170127543,.9752983738724752,118.5839596647592
Fuls,4.802446352714838,.4403272663913065,20.73267761968193
ATLAS,-1891.748784603217,1.002627908272135,125.6350296522386
PANSTARRS,7.424853851785126,.6290244954860527,10.3395886826512
PANSTARRS,112.2883358981354,.9806998162950533,131.0385864914994
Borisov,-349.6136135435225,1.002576166737233,14.55412835868398
Tsuchinshan,21.5535543029018,.890832795756598,79.1682399616262
PANSTARRS,-1238.744048685488,1.004775214681503,70.66249790085045
Lovejoy,477.6693418506144,.9989667051859716,88.18676511052907
Lemmon,388.6996797685694,.9954131547881275,122.6377293992646
Lemmon,-1093.448780073673,1.004115267056169,146.4794943010763
PANSTARRS,-1398.689085850087,1.004953088252293,42.50669221638136
PANSTARRS,7.738686176059968,.6613423601791987,3.534135946453545
PANSTARRS,8.139414410014425,.6503124287968035,47.9062493137032
PANSTARRS,289.4847623297441,.9910513952279577,159.0515633569095
PANSTARRS,849.804099852161,.9914543425951201,153.9527402538442
PANSTARRS,-6198.490752735832,1.000292122779648,87.55364469349342
Gasparovic,5.574272111001942,.5812535509690624,4.278725901174112
ATLAS,28.10425889498479,.9057731997844507,16.67851476617485
PANSTARRS,-1999.573804258143,1.003842198878814,82.27078697262068
PANSTARRS,174.1257571948767,.97325968534734,77.50712512914819
ATLAS,-2867.402988048755,1.001134210021527,105.6576647606737
TOTAS,-1853.575926363441,1.003231594618857,15.88571696287215
ASASSN,418.2634853330379,.9964168920039909,39.84823235363456
PANSTARRS,7.865662289317414,.3088118065679313,7.701344243304537
PANSTARRS,4.132253609620938,.1948128358043449,2.573118381368896
PANSTARRS,20.43435694113113,.8231165846750322,12.6833311945501
PANSTARRS,-2784.350241962067,1.000074825295414,99.04314962040672
ATLAS,3.170996508703217,.3131094479492311,11.84910700807198
Catalina,-1099.385709311145,1.001403442995066,152.8268274173241
Lemmon,-3037.560739940557,1.002506791087592,124.2228817264575
PANSTARRS,2.77572592761096,.3936128073934381,29.85655089047283
PANSTARRS,3.156593106720776,.3045728228238161,14.13809821988931
Heinze,-1456.652693224086,1.000398634211099,96.83468297270805
PANSTARRS,4.937060478925242,.1001613513875948,15.90485935275608
PANSTARRS,-9560.075871708535,1.000807943845118,158.2206369503063
PANSTARRS,16.93967191229128,.7445790223491127,18.95652387009062
Leonard,13.70152599261412,.711181849152508,98.17844330049141
Gibbs,7.660753188493284,.4996739949523747,18.33140900366982
PANSTARRS,31.31946367330016,.8511592567430603,31.31059796471948
Leonard,9.929620845637601,.8715362716432784,27.58635635688399
PANSTARRS,25.81690241460314,.9061358220422058,53.62135904959312
PANSTARRS,8.322145767469948,.7125413716934471,3.120183126198026
PANSTARRS,5.647561072916835,.5230240866115762,23.57638981543477
